trial,x_dut_nfet_input_w,x_dut_nfet_mirror_w,ugf,dcgain,v(inoise_total),tsettle,score
0,5.40205495e-6,7.89253219e-6,4.959852e+7,28.14692,0.00047568024,1.10489e-7,-13.08823755
1,4.67323955e-6,2.09709038e-6,2.468115e+7,31.92036,0.000803182461,1.47553e-7,-30.14475789
2,2.67720805e-6,9.72380874e-6,4.49012e+7,30.18431,0.000680403335,1.13928e-7,-12.16172407
3,7.90490701e-6,7.14548438e-7,3.55905e+7,22.58196,0.00174814819,1.60481e-7,-37.08291709
4,3.50148281e-7,1.71816266e-6,8141279,33.78663,0.00224397475,2.73675e-7,-53.56235294
5,9.35841666e-6,2.59388499e-6,1.663888e+7,31.42163,0.000376121558,1.86543e-7,-31.47182998
6,9.48739635e-6,5.38391109e-6,3.095706e+7,31.3126,0.000535453657,1.22782e-7,-32.15127375
7,5.68253914e-6,8.35525514e-6,2.835803e+8,24.3732,0.000576391319,1.13284e-7,-2.812657946
8,5.84511369e-6,9.13272075e-6,2.105136e+7,32.50751,0.000506932521,1.54698e-7,-33.1439418
9,8.29099748e-6,4.95650039e-6,1.270578e+7,32.56167,0.000573368055,2.02453e-7,-23.98583963
10,4.41615325e-6,1.37165965e-6,7290899,31.90062,0.000877058867,2.57236e-7,-33.98923424
11,5.51242906e-6,1.91115959e-6,1.300653e+7,28.65372,0.00158627838,3.26486e-7,-29.11843125
12,3.21094851e-6,2.40791508e-6,1.613932e+8,25.09895,0.000759362101,1.36145e-7,-2.450034598
13,5.12227646e-6,5.82541002e-6,2.390449e+7,29.73404,0.000335298647,,-110.0997794
14,2.98060741e-6,4.20334051e-6,2.70884e+7,30.23997,0.000337030425,,-109.9667995
15,8.45697933e-6,8.0636478e-6,1.845717e+7,32.05964,0.000564226578,1.6716e-7,-27.44271032
16,2.09112102e-6,3.05064015e-6,2.164883e+7,31.53917,0.001028806,1.37109e-7,-20.80297713
17,3.89914826e-6,2.86445822e-6,4.19183e+7,28.12833,0.000403821004,,-109.8013593
18,6.52189406e-6,2.56218491e-6,3.654889e+7,30.44693,0.000694796448,1.30593e-7,-25.01338174
19,7.5426262e-6,6.26533819e-6,6.427451e+7,29.41119,0.000724347663,,-101.4054695
20,9.55178357e-6,8.45692669e-6,1.84068e+7,31.02825,0.000329074008,,-106.6568077
21,4.52395948e-6,2.88259321e-6,5.463346e+7,29.49953,0.00079203141,,-100.2502345
22,8.8418597e-6,4.31991847e-6,3.910021e+7,29.62449,0.000782065246,1.69039e-7,-8.401833753
23,4.33390016e-6,5.27000292e-6,1.719142e+8,27.94784,0.000747893701,,-102.1371094
24,6.01634037e-6,4.06923817e-6,3.087247e+7,30.97943,0.000811531568,1.36148e-7,-20.80297713
25,1.37273782e-6,1.34044964e-6,2.761616e+7,32.6581,0.00108571205,1.31071e-7,-12.16172407
26,1.00651378e-6,9.80250696e-6,6.188764e+7,29.48205,0.00071870523,,-100.2589744
27,1.958933e-6,3.10852e-6,2.58363e+7,29.69617,0.00189934563,1.54359e-7,-52.38349335
28,6.94356579e-7,3.2543522e-6,1.755043e+7,30.23531,0.00110272142,,-100
29,8.04276752e-6,1.284715e-6,3.793133e+7,30.33086,0.000311340928,,-111.0656111
30,4.88558299e-6,4.85650432e-6,3.670153e+7,32.60731,0.000468111569,1.67822e-7,-16.9051393
31,9.95901452e-6,4.09207927e-6,1.799287e+8,26.51297,0.00037548329,8.1e-8,-13.90506242
32,8.73166003e-6,9.48570213e-6,6.65879e+7,28.93506,0.000498275187,,-108.294597
33,5.08654812e-7,2.82747764e-6,1.37987e+7,31.68654,0.00275137429,1.64916e-7,-71.89616395
34,3.11119521e-6,8.60914512e-6,4.27065e+7,31.67484,0.000390668068,,-106.6568077
35,2.00848916e-6,2.71873662e-7,1.235408e+7,27.6154,0.00282163044,2.44776e-7,-77.95476492
36,3.56308439e-6,4.3160887e-6,3.546307e+7,31.693,0.000800416075,1.07525e-7,-29.13126125
37,3.66005772e-6,3.04418458e-6,6.094627e+7,28.62827,0.00120703059,1.01277e-7,-19.65478666
38,9.20566283e-6,2.96884162e-6,7.726893e+7,26.09083,0.00113765639,,-101.9543361
39,7.17976297e-7,6.43271809e-6,2.874652e+7,29.46092,0.0014075427,1.1399e-7,-10.56011757
40,2.01371945e-7,3.73328595e-6,1.932326e+7,29.8564,0.00279046392,1.11246e-7,-66.17993327
41,2.77889087e-6,9.49511532e-6,1.020762e+8,27.72574,0.000452318892,,-102.2481464
42,9.70746783e-6,5.41387837e-6,3.385442e+7,30.01089,0.000367179899,,-112.1617241
43,6.77671434e-6,7.19779666e-6,7.441381e+7,29.01801,0.000921491862,,-100.4909911
44,5.95677065e-6,2.20733668e-6,1.025985e+7,32.80674,0.000644331384,2.18195e-7,-27.92231083
45,1.24550475e-6,2.74825454e-6,2.331042e+7,30.06853,0.000520513565,,-106.6568077
46,5.21083715e-6,3.61875164e-6,1.590961e+7,32.5338,0.00057233972,1.64884e-7,-34.37352516
47,3.64416385e-6,7.52442275e-6,6.77436e+7,30.33099,0.000932047422,1.31705e-7,-4.441520372
48,6.67109801e-6,8.59086398e-6,3.48798e+7,30.31938,0.0003770571,,-107.7621321
49,8.76255183e-6,4.05536215e-6,3.765212e+7,31.37779,0.000376139604,1.27196e-7,-25.01338174
50,5.1828771e-6,4.7495349e-6,4.552802e+7,30.17805,0.000520413605,1.2684e-7,-21.86350837
51,5.90641421e-6,2.27706542e-6,2.678669e+7,29.74208,0.000917322693,1.88062e-7,-8.18877551
52,7.93877707e-6,3.95300071e-6,7.175814e+7,30.17195,0.000618292866,1.09621e-7,-26.05204458
53,1.99941108e-6,4.57096764e-6,2.197528e+7,33.38528,0.000621534445,1.92029e-7,-11.56811257
54,8.57715214e-6,1.79274322e-6,1.739331e+7,32.57302,0.000308684636,1.65495e-7,-32.42602306
55,5.4762598e-6,9.16569978e-6,4.166662e+7,32.2458,0.000394599755,1.79701e-7,-16.41630765
56,1.59657244e-6,2.02254583e-6,5.259966e+7,27.79479,0.0023080967,1.30668e-7,-64.67492908
57,8.36441322e-6,8.8905339e-6,1.438335e+7,32.91264,0.00050695356,1.79316e-7,-31.11052786
58,2.43362405e-6,7.07864319e-6,3.608203e+7,31.38295,0.000837679555,1.50796e-7,-17.59282705
59,7.95073382e-6,3.65929334e-6,7.77241e+7,27.04814,0.000924428532,1.18984e-7,-8.132630489
60,9.56896995e-6,9.45500973e-6,2.695477e+7,29.67442,0.000250319899,,-114.5076084
61,8.49194261e-6,2.43339723e-6,8.60907e+7,29.66149,0.000690403719,1.13596e-7,-17.76208188
62,5.62400022e-6,4.96059598e-6,2.362022e+8,22.97515,0.000593072549,,-103.5109813
63,4.45347967e-7,9.35938673e-6,1.849181e+7,32.46065,0.00145580714,1.40775e-7,-12.671869
64,6.19779675e-6,6.22628564e-6,1.045536e+7,32.4887,0.000590573521,1.98293e-7,-34.06568982
65,5.5653181e-6,4.39401491e-7,4199676,30.6185,0.00150194893,5.5029e-7,-48.5502151
66,8.90605604e-6,2.36629825e-6,1.317079e+7,31.33011,0.000543073425,1.91987e-7,-31.74397154
67,3.06262098e-6,3.45938011e-6,1.796889e+7,32.64403,0.000981537453,1.60522e-7,-27.11081185
68,3.83980873e-6,7.27062774e-6,4.533825e+7,32.36864,0.000512096433,1.68513e-7,-12.5873715
69,2.56214276e-7,3.20726093e-7,2165968,34.9986,0.00783646991,8.6059e-7,-142.2670175
70,8.44560505e-6,6.98639027e-6,2.389863e+8,27.33344,0.00174815019,,-128.0280333
71,8.35860607e-6,8.89902371e-6,4.763714e+7,29.75648,0.000356224221,,-108.9873115
72,6.90380716e-6,1.26796263e-6,9627700,31.6818,0.000659411964,2.1667e-7,-33.98423016
73,5.34587953e-6,1.51219815e-6,2.516072e+7,31.27979,0.000808895407,1.41582e-7,-28.11118258
74,8.60917939e-6,9.83866842e-6,3.849316e+7,28.83276,0.000216491633,,-112.7453374
75,7.78941469e-6,7.54689564e-6,1.016801e+8,30.09859,0.000570808973,1.13192e-7,-12.16172407
76,9.91336523e-6,9.37361447e-6,2.191023e+7,31.3563,0.000318284983,1.5046e-7,-26.05204458
77,4.63767551e-6,4.63794615e-6,5.92101e+7,31.62801,0.000461941669,,-112.1617241
78,2.17407094e-6,6.15400946e-7,8.93725e+7,28.29991,0.00101560174,1.01927e-7,-0.8500245265
79,8.42627267e-6,3.16563595e-6,8539521,32.57295,0.000487626592,2.18946e-7,-36.0903887
80,7.26153884e-6,9.73601701e-6,2.509721e+7,32.0047,0.000368168989,1.46126e-7,-27.08471185
81,6.69405596e-6,8.36613146e-6,9.313546e+7,28.82152,0.00109289282,,-100.5892332
82,4.00892004e-6,4.22943453e-6,1.489108e+8,29.67227,0.000549893352,9.5488e-8,-13.41874369
83,5.74774994e-6,7.16526329e-7,1.542949e+7,30.73019,0.000864195841,1.84128e-7,-24.12524113
84,6.06630147e-6,2.25027087e-6,1.261566e+8,28.07462,0.000888646778,,-100.9626603
85,3.13177627e-7,5.70691688e-6,1.559045e+7,30.52447,0.00229507544,1.27134e-7,-49.82967529
86,3.04667761e-6,1.62500566e-6,3.105596e+7,32.85889,0.000700085575,1.63049e-7,-14.49726844
87,7.62271788e-6,2.80228412e-6,2.8749e+7,30.08428,0.00028874075,,-111.0656111
88,7.71487352e-6,3.88100313e-6,1.083935e+8,28.70839,0.000487545791,,-101.7568614
89,9.43724292e-6,4.00979131e-6,1.886299e+7,31.64279,0.000450503951,1.64534e-7,-33.37064141
90,6.6439516e-6,9.30928232e-6,2.305445e+7,30.15472,0.000288812926,,-109.9667995
91,4.24673311e-6,3.15055376e-6,4.472587e+7,28.29929,0.00140335226,1.29463e-7,-28.52639177
92,1.64591103e-6,8.65725406e-6,3.960257e+7,28.54743,0.00092435062,9.6349e-8,-2.948128727
93,8.66788268e-7,4.92569173e-6,2.255506e+7,30.30637,0.000623161696,,-102.2218565
94,8.71992741e-6,5.20632029e-6,1.11889e+8,30.57683,0.000454199367,9.779e-8,-28.11118258
95,8.3506069e-6,1.14380065e-6,1.371516e+7,31.20772,0.000298149113,,-107.7621321
96,9.8818985e-6,7.47951218e-7,4.221138e+7,27.65585,0.00104680417,1.39196e-7,-17.68606262
97,8.24653762e-6,7.17194791e-6,3.038265e+7,30.01536,0.000792605514,1.91185e-7,-6.000644019
98,7.45504757e-6,9.84561567e-6,6.016531e+7,30.78976,0.000423503729,1.04735e-7,-27.08471185
99,3.62983284e-6,9.58300844e-6,1.064408e+8,28.13572,0.000487551779,,-100.932113
100,9.72613697e-6,1.71307892e-6,2.1856e+7,32.92932,0.000367800087,1.39485e-7,-36.077604
101,5.31020281e-6,3.27246354e-6,3.503728e+7,29.88907,0.00104574614,1.57515e-7,-11.12107605
102,1.94739433e-7,5.86715983e-6,1.394027e+7,32.93158,0.00189845192,1.65114e-7,-33.78021725
103,4.06071736e-6,7.4765776e-6,1.226195e+8,28.17484,0.000939292401,1.2116e-7,-0.9125546676
104,7.74878008e-6,6.68579512e-6,1.192076e+8,26.91923,0.00081313269,1.11418e-7,-2.651328567
105,2.27818509e-6,7.11038916e-6,2.045269e+8,28.90232,0.00061639089,9.1841e-8,-0.5488344892
106,9.61648964e-6,4.45602564e-6,7720816,31.61497,0.000602667498,2.47279e-7,-35.5126701
107,9.91013896e-6,2.68209047e-6,8783599,30.47744,0.000891466195,2.84515e-7,-22.73176008
108,6.97489665e-6,8.83550642e-6,1.623898e+8,26.59649,0.000982821661,8.2163e-8,-3.923447241
109,2.58127444e-6,7.3727056e-6,1.266877e+8,28.12038,0.00101364838,1.07848e-7,-9.80533391
110,2.09889534e-7,9.91270006e-6,1.69155e+7,32.69409,0.00227934092,3.05691e-7,-56.50767022
111,8.91635168e-6,3.65411571e-7,1.731437e+7,30.35932,0.000757242639,1.76456e-7,-23.74168109
112,1.36053636e-6,6.87939005e-6,3.277438e+7,31.09358,0.00057471215,,-106.6568077
113,5.44956281e-6,5.25024456e-6,2.088737e+8,25.69015,0.000778997913,8.7895e-8,-7.704438512
114,3.37013958e-7,4.53012242e-6,1.133015e+7,30.42135,0.00212719702,1.59553e-7,-43.26062123
115,3.69111556e-6,3.06258807e-6,4.66855e+7,31.53194,0.000873108164,1.12558e-7,-28.11118258
116,6.57248572e-6,9.34628955e-6,4.820621e+7,28.70917,0.000664961451,,-106.195253
117,8.11068429e-6,9.71260402e-6,5.507999e+7,30.70949,0.000635650975,1.26281e-7,-17.59282705
118,5.36140497e-6,1.75690607e-6,1.038172e+8,30.94178,0.000501963467,8.984e-8,-14.34481856
119,1.95654972e-6,4.77020004e-6,7.085378e+7,31.4597,0.000788023816,9.5384e-8,-4.441520372
120,5.08572336e-6,9.19670464e-6,5.955504e+7,28.74213,0.00149850267,,-115.3953091
121,5.88758665e-6,8.03212509e-6,2.031331e+7,32.84857,0.000406900988,1.44739e-7,-34.12932565
122,6.40285421e-6,7.26095816e-6,4.013715e+7,28.13842,0.000316400526,,-110.8975626
123,8.69401178e-6,2.16895442e-6,3.565464e+7,30.19974,0.00066750168,1.61649e-7,-8.948001559
124,6.66321121e-6,6.63550277e-6,7.590434e+7,28.38199,0.000818572851,1.32913e-7,-9.674538929
125,8.81413912e-6,5.11625452e-6,9.011888e+7,30.82147,0.000416229157,1.05047e-7,-22.91889965
126,7.56508033e-6,1.38563592e-6,1.077601e+7,30.63468,0.000308195705,,-106.6568077
127,8.39938817e-6,1.82730024e-6,6.230005e+7,24.77206,0.00129297516,1.61199e-7,-7.268843646
128,2.32202885e-6,1.20287312e-6,1.058814e+7,33.09493,0.00114873467,2.10603e-7,-27.54299197
129,8.80739526e-6,3.23914622e-6,5.435783e+7,30.63369,0.000584106397,1.06847e-7,-31.15148823
130,1.99013796e-6,5.02520077e-6,5.317247e+7,30.9854,0.00130583141,1.47056e-7,-5.23677533
131,5.92771435e-6,1.20798534e-6,2.846462e+7,28.67832,0.00116869976,1.61414e-7,-16.16281988
132,9.63697074e-6,4.55215296e-7,5487023,31.51235,0.000682280168,3.42484e-7,-27.76636774
133,9.00249231e-6,8.67023097e-6,2.790228e+7,29.57551,0.000223191355,,-111.2778557
134,5.93053768e-6,9.97728015e-6,4.579698e+7,31.26957,0.00028482962,,-112.1617241
135,3.7574485e-6,8.48297102e-6,7.701557e+7,29.67792,0.00110368397,,-101.2721052
136,3.26290662e-6,6.20156294e-6,2.697571e+7,30.30208,0.000464480754,,-115.4312895
137,4.58346581e-6,9.06554244e-6,4.909175e+7,29.16519,0.000374993671,,-107.0742102
138,3.0992095e-6,6.11350493e-6,2.063371e+8,29.70223,0.000535945972,,-102.3707414
139,1.85886378e-6,2.30013871e-6,3.048083e+7,25.71947,0.00221804213,1.59694e-7,-58.98594621
140,3.09074117e-6,1.39375843e-6,3.176059e+7,32.55304,0.000546136395,1.53965e-7,-13.25487884
141,4.11081511e-6,8.78076399e-7,5.120755e+7,29.25826,0.000745751032,1.21493e-7,-11.43647935
142,5.68866223e-6,8.04612563e-6,1.801832e+7,30.92904,0.000880581079,1.67946e-7,-23.31619756
143,9.9327419e-6,5.91177594e-6,5.737278e+7,31.51121,0.00039232818,1.01792e-7,-33.1439418
144,1.72713798e-6,4.65309711e-6,2.743654e+7,30.20742,0.000859939367,1.28961e-7,-11.06561105
145,3.57673678e-6,9.80749558e-6,3.522079e+7,31.04074,0.000992414819,1.25931e-7,-27.08471185
146,7.45872326e-6,6.40439037e-6,2.27138e+7,33.011,0.00042008698,1.33953e-7,-32.15127375
147,8.25111061e-6,4.25611044e-6,1.377323e+7,31.79067,0.000564204122,1.72545e-7,-29.75850302
148,1.22808066e-6,6.93859751e-6,3.687782e+7,32.81871,0.000659686852,1.97274e-7,-2.974549641
149,6.88850686e-6,1.06103947e-6,2.818102e+7,31.98081,0.000514744852,1.25539e-7,-34.12932565
150,5.40701176e-6,2.3113835e-6,9232149,30.47721,0.000928024621,2.40676e-7,-26.9505132
151,5.75896792e-6,1.07553863e-6,1.785058e+7,22.1004,0.00223424341,2.05956e-7,-59.30383317
152,7.44927113e-6,3.86966528e-6,4.925867e+7,30.85524,0.000594199933,1.16327e-7,-28.11118258
153,5.97961924e-6,6.28320881e-6,8.970656e+7,29.23159,0.000828076798,1.02389e-7,-21.18718024
154,5.70868216e-7,9.45360761e-6,6.244141e+7,28.92768,0.00209941588,1.04332e-7,-52.62772569
155,8.7583606e-7,4.47220357e-6,2.341834e+7,32.98632,0.00103121531,1.72448e-7,-1.733457352
156,3.0500522e-6,9.61070891e-6,1.008393e+8,28.55365,0.000822334422,,-100.7231624
157,8.77160263e-6,9.12961422e-6,7.415393e+7,28.93408,0.000469980522,,-101.6440203
158,3.2232169e-6,2.87430512e-6,2.380582e+7,30.38878,0.00110273109,1.50759e-7,-21.86350837
159,4.91354145e-6,3.46222586e-6,1.140596e+8,28.78016,0.000793712773,1.05877e-7,-18.20273948
160,4.32456222e-6,8.7287762e-6,3.500542e+7,29.73764,0.000270208054,,-106.7879876
161,5.01430615e-6,7.83348563e-6,6.252084e+8,23.92211,0.00426309898,,-194.0984117
162,6.10807758e-7,4.63905335e-7,1.21361e+8,28.15596,0.00116059673,,-100.9219939
163,7.40656266e-6,3.34351841e-6,3.442975e+7,32.5783,0.000382476113,1.07885e-7,-22.91889965
164,8.59017588e-6,5.10180516e-6,1.291618e+7,33.1474,0.000452346817,1.93799e-7,-28.77450099
165,2.6360013e-6,1.14178409e-6,1.674606e+7,31.49791,0.00119871048,1.70683e-7,-24.50307453
166,3.36368241e-6,8.99474216e-6,2.590756e+7,33.2208,0.000489769251,2.39097e-7,-13.91958885
167,4.705986e-6,6.6108847e-6,3.953591e+7,29.86781,,,-200.066095
168,3.87439978e-6,5.92045288e-6,4.003254e+7,30.69355,0.000358448087,,-112.1617241
169,2.05090028e-6,7.21984406e-6,1.31977e+8,29.47445,0.00061519101,,-100.2627744
170,4.53247932e-6,2.15546359e-6,4.038493e+7,29.3425,0.00115451036,1.39074e-7,-22.19225718
171,6.10023148e-6,4.84800527e-6,3.497206e+8,24.52433,0.00264819464,,-164.6504133
172,7.48457342e-6,4.72766214e-6,1.00298e+8,28.03864,0.000414407835,8.8638e-8,-12.04625962
173,8.15566333e-6,4.41093547e-6,3.424312e+7,31.67134,0.00041768911,1.26845e-7,-26.05204458
174,9.52843218e-6,6.30309198e-6,5.135224e+7,29.39925,0.000712834416,1.51249e-7,-5.850221108
175,2.34542362e-6,6.25987294e-6,1.709858e+7,29.82496,0.000466681967,,-106.7443276
176,2.48771185e-6,4.49814427e-6,1.193569e+8,29.23741,0.00078417212,1.08643e-7,-0.3812931522
177,6.91967046e-6,5.62174344e-6,4.204692e+7,31.91593,0.000465784758,1.13303e-7,-28.11118258
178,6.3286868e-7,4.2502595e-6,5.420487e+7,31.13746,0.0014607492,1.39791e-7,-12.91492786
179,8.00693459e-6,9.74392418e-6,1.054262e+8,29.40067,0.000284936254,,-115.7309536
180,8.2126049e-6,1.86556148e-6,3.928472e+7,27.39296,0.00101305615,1.9151e-7,-2.878815831
181,7.74544538e-6,5.87229631e-6,1.377124e+9,22.70124,0.00195362167,7.6776e-8,-39.59769656
182,2.87081612e-6,4.56008061e-6,2.41764e+7,32.84425,0.000658591677,1.28495e-7,-20.80297713
183,8.64994196e-6,7.44293097e-6,9.12658e+7,28.52698,0.000608825348,,-102.9583532
184,1.17266199e-6,9.49211438e-6,2.4545e+7,29.24671,0.000571566575,,-103.7087425
185,6.75129777e-6,3.44082962e-6,1.735448e+8,26.92921,0.00303445427,,-173.9698173
186,1.22144044e-6,9.04313548e-6,3.333638e+7,28.80628,0.000793181232,,-100.5968529
187,1.58372232e-6,8.06711689e-6,2.506977e+7,28.29348,0.00093046901,1.10447e-7,-4.185338607
188,1.57279834e-6,2.12759611e-6,3.716333e+7,29.77797,0.00112620975,1.06825e-7,-8.976566533
189,3.05680162e-6,3.59053779e-6,3.093419e+7,31.98912,0.000676188508,1.167e-7,-19.73753202
190,7.89023001e-6,9.20563868e-6,4.247816e+7,30.66002,0.000307464718,1.13419e-7,-11.06561105
191,5.86784183e-6,3.63102613e-6,1.996918e+7,29.4585,0.000425423392,,-110.2375488
192,5.95920657e-6,8.02735535e-6,1.110309e+8,28.91324,0.00043009722,,-101.65444
193,9.72467631e-6,2.48600022e-6,3.459024e+7,31.6799,0.000421301133,1.21988e-7,-32.15127375
194,2.26111057e-6,6.14824872e-6,5.291096e+7,32.21982,0.000721309324,1.78402e-7,-5.361594408
195,1.47351892e-6,9.39783714e-6,2.136713e+8,27.27337,0.00103509208,,-101.3632305
196,1.67666496e-6,7.09602356e-6,6.038628e+7,31.2188,0.000751112679,1.06677e-7,-8.865551578
197,8.95432032e-6,2.59998273e-6,2.353476e+7,32.28026,0.000531104468,1.51996e-7,-29.13126125
198,9.24770808e-6,6.34794482e-6,3.145502e+7,31.76783,0.00038888439,1.23069e-7,-33.1439418
199,1.60590393e-6,3.89870663e-6,6.019461e+7,28.5779,0.00123172411,,-102.2471227
200,4.96635088e-6,1.53015327e-6,2.895985e+7,32.30317,0.000395757667,1.28688e-7,-26.05204458
201,6.97685933e-6,9.88615274e-6,1.285363e+7,32.01895,0.000379016951,,-107.7621321
202,3.45678364e-6,6.69106332e-6,8.364615e+7,29.62447,0.000525593346,,-100.1877648
203,7.86442316e-6,3.33780541e-6,3.661456e+7,28.40667,0.00110836122,1.58693e-7,-10.76344761
204,6.94200231e-6,6.96368154e-6,1.203245e+8,29.46093,0.000607462221,1.06325e-7,-13.52441319
205,8.66727343e-6,8.18406357e-6,1.433707e+8,27.0583,0.00106713871,9.8941e-8,-1.470743941
206,7.73344355e-6,1.02450473e-6,8.092746e+7,25.61157,0.000960674019,1.70848e-7,-2.736257608
207,8.4019872e-7,1.80578504e-6,2.334919e+7,32.25052,0.00170984001,1.4312e-7,-30.45674839
208,7.25770262e-6,7.80700579e-6,3.494528e+7,29.03052,0.000291981192,,-111.5503473
209,6.18817379e-6,2.81377528e-6,9201238,32.30078,0.000682295086,2.27647e-7,-30.46577261
210,4.86231871e-7,4.91844664e-6,3.823708e+7,28.6952,0.00187495373,9.9431e-8,-33.1299707
211,4.13941167e-6,3.02348539e-6,5.661836e+7,28.70166,0.000408826166,,-106.1990079
212,4.28865713e-7,8.98790419e-6,2.226027e+7,33.13439,0.00136083375,2.30685e-7,-11.50749659
213,6.7986916e-6,6.38995773e-6,4.551112e+7,30.46966,0.000736757302,1.33029e-7,-26.05204458
214,8.34833975e-6,3.81204852e-6,3.708314e+7,30.73795,0.000549270976,1.35889e-7,-30.14475789
215,2.213793e-6,9.65835499e-6,3.372608e+7,32.53633,0.000677941266,1.33715e-7,-13.25487884
216,9.16832293e-6,1.30058184e-6,5732320,32.36179,0.000536883603,3.08149e-7,-34.47864322
217,2.82958988e-6,5.75877813e-6,2.351347e+7,33.05133,0.000900389701,1.67611e-7,-13.635427
218,6.3968947e-6,8.57782711e-6,3.168261e+7,30.33236,0.00025163102,,-111.0656111
219,2.76221074e-7,8.33178441e-6,2.80975e+7,31.81495,0.00189090074,1.71411e-7,-33.75951294
220,7.09034772e-6,2.68770862e-6,2.241043e+7,32.15917,0.000567456083,1.43962e-7,-34.12932565
221,2.427306e-6,1.8559757e-6,9912220,33.32506,0.000944063799,2.10095e-7,-27.51760807
222,2.14037632e-6,9.39333387e-6,7.592118e+7,31.17929,0.000568262737,,-102.2218565
223,4.24235712e-6,9.05840258e-6,5.087454e+7,31.82054,0.000519272943,1.09965e-7,-15.43128951
224,6.90380552e-7,2.36086385e-6,1.464991e+7,33.62805,0.00121691344,1.94587e-7,-5.856932344
225,5.92411412e-6,7.45235287e-6,5.364934e+7,27.42157,0.000481558796,1.18407e-7,-17.80318487
226,6.29203037e-6,4.08465471e-6,2.322427e+7,32.20081,0.000622522683,1.46905e-7,-29.13126125
227,2.07595024e-7,1.67129045e-6,8.11669e+7,26.97727,0.00139109149,,-110.9873069
228,5.03838653e-6,8.19068509e-6,1.598162e+7,31.71739,0.00082175747,1.63371e-7,-29.29981109
229,9.99662961e-6,4.88837661e-6,6.287478e+7,30.72146,0.000529057822,1.05996e-7,-26.05204458
230,7.57975336e-6,2.37890238e-6,5.882757e+7,28.14283,0.000975127568,1.54763e-7,-2.0396237
231,4.54638962e-6,8.36263909e-6,3.248652e+7,32.57208,0.000582954055,1.29415e-7,-25.01338174
232,3.17569534e-6,1.96585491e-6,1.774909e+7,30.04471,0.00113308826,1.64101e-7,-12.36677378
233,1.78889964e-6,6.65266578e-6,3.792686e+7,31.4005,0.000546294718,,-106.6568077
234,9.09275779e-6,2.7788779e-6,8.727893e+7,28.94664,0.000602915687,,-104.9681955
235,1.18390797e-6,8.64559142e-6,2.476934e+7,32.20967,0.0010200986,1.11511e-7,-7.762132051
236,3.12868345e-6,5.15468481e-7,4.500619e+7,25.36207,0.0018486955,1.45279e-7,-39.16658846
237,1.6942923e-6,3.60478133e-6,4.092665e+7,29.17276,0.000649109275,,-100.4136176
238,6.17310742e-6,7.42272851e-6,1.831047e+7,32.14638,0.000730035118,1.74574e-7,-20.46621912
239,9.68749933e-7,9.80924987e-6,2.694363e+7,33.0257,0.000937195558,1.88759e-7,-2.548916289
240,5.10899407e-6,8.46263055e-6,6.055513e+7,31.58102,0.000398163145,,-109.9667995
241,6.50969579e-7,5.19503939e-7,2.575278e+7,31.47422,0.00231678432,1.63429e-7,-50.81263268
242,4.78961333e-6,9.68820436e-6,4.571851e+7,32.18754,0.000509274812,1.1354e-7,-17.59282705
243,3.59305008e-7,5.08542828e-6,3.584469e+7,31.19741,0.00153386434,1.30925e-7,-16.49123029
244,4.1209764e-6,5.62401822e-7,6861557,31.05106,0.00132405637,3.78753e-7,-30.29418586
245,4.03258155e-6,3.55588708e-7,7149874,29.77186,0.00207016562,3.53834e-7,-66.12123875
246,8.32377613e-6,8.64449241e-6,3.928134e+7,29.18216,0.000840925075,1.87721e-7,-1.794878968
247,7.98507806e-6,1.00635162e-6,4.230454e+7,28.55713,0.000937054959,1.70774e-7,-3.48197377
248,6.96018583e-6,1.21134526e-6,7.969672e+7,26.72679,0.001043155,1.24911e-7,-6.077979267
249,5.25952781e-6,6.12291966e-6,1.980382e+7,31.00426,0.000795228814,1.5785e-7,-23.96892961
250,9.23036586e-6,5.94488812e-6,1.670015e+7,33.1278,0.000411571967,1.68821e-7,-33.58498894
251,7.78412908e-6,4.81226749e-6,4.820092e+7,31.7863,0.000344177359,1.56791e-7,-21.86350837
252,3.60255166e-6,8.29028452e-6,4.214494e+7,30.35517,0.000451435244,,-106.6568077
253,8.27741663e-6,4.97750217e-6,8.708931e+7,29.41565,0.000429601192,,-106.9489818
254,2.40288089e-6,9.23972901e-6,3.565823e+8,24.13191,0.00213056905,9.1326e-8,-46.3307727
255,2.25968041e-7,1.06643538e-6,4.84104e+7,28.30412,0.00260615222,1.07768e-7,-61.44795885
256,9.67863793e-6,6.18804091e-6,5.784029e+7,28.97169,0.000783344201,1.28383e-7,-21.3171276
257,9.73780174e-6,4.34734575e-6,1.916719e+7,29.86229,0.000861588403,1.76666e-7,-25.91551744
258,5.72937805e-6,2.84763835e-6,4.281243e+7,30.5652,0.00084014173,1.27552e-7,-21.86350837
259,7.23059092e-6,5.32690886e-6,5.587795e+7,31.08303,0.000611087957,1.1754e-7,-30.14475789
260,4.28864408e-6,9.70072757e-6,5.718264e+7,30.96044,0.000920682961,1.03634e-7,-21.86350837
261,5.04875449e-6,4.54878034e-6,2.214507e+7,32.61756,0.000551671909,1.53237e-7,-33.1439418
262,7.8804606e-6,6.84793034e-6,1.248685e+8,28.75147,0.00086645159,,-103.9563562
263,7.41671365e-6,7.26741239e-6,2.363813e+7,30.45581,0.000843017273,1.70546e-7,-18.12012216
264,8.25334691e-6,8.07789068e-6,2.278772e+8,28.43785,0.001068633,,-101.8921245
265,4.37784375e-6,6.82342958e-7,4.671593e+7,32.07535,0.000463880091,9.3617e-8,-14.34481856
266,3.32647801e-6,5.06357238e-7,1.183968e+7,29.54265,0.0018946817,2.36827e-7,-52.85651332
267,4.53657092e-6,9.93436686e-6,1.975129e+7,33.4248,0.000490715702,1.92837e-7,-14.89658133
268,3.9101689e-6,8.61049378e-6,6.10854e+7,31.4286,0.000456354719,8.7488e-8,-12.16172407
269,3.76642232e-6,9.55602181e-6,1.718599e+8,28.79715,0.000619283539,,-100.6014177
270,4.28440879e-6,8.56033817e-6,8.130215e+7,30.22268,0.000880638212,1.21294e-7,-13.25487884
271,7.07381298e-6,6.60635697e-6,4.075994e+7,31.8769,0.000446551459,1.18741e-7,-33.1439418
272,7.06685192e-6,3.53835344e-6,2.084741e+8,22.86233,0.000704928911,1.11444e-7,-3.567320613
273,4.54033928e-7,3.72224288e-6,1.587605e+7,29.69618,0.00188923222,1.33916e-7,-33.26662166
274,6.46160221e-6,4.98454415e-6,1.650921e+7,32.69704,0.000481205713,1.52084e-7,-35.1072646
275,9.90331378e-6,8.69004595e-7,2.637275e+7,27.06408,0.0011602392,2.22732e-7,-4.603426347
276,8.97675886e-6,5.76648264e-7,8516393,31.27123,0.000629403053,2.44884e-7,-31.32636529
277,8.68722603e-6,8.86022712e-6,2.21249e+7,32.68977,0.000481468282,1.48682e-7,-31.15148823
278,8.26756702e-6,9.57312567e-7,9231681,30.49988,0.000915869472,2.80364e-7,-23.60377184
279,9.02868487e-6,9.08766671e-6,8.664332e+7,29.40942,0.000550894749,,-105.8451362
280,7.44010689e-6,6.47172813e-7,8208470,29.43104,0.00150635874,3.15272e-7,-37.52773341
281,4.9098659e-7,1.03074515e-6,2.681563e+7,31.68024,0.00247452152,1.31481e-7,-67.33460672
282,1.8964574e-6,8.54731672e-6,4.902434e+7,32.16876,0.000825933119,1.99414e-7,-1.970444922
283,3.42303882e-6,8.25452151e-6,9.099776e+7,28.03117,0.00110082624,1.19159e-7,-13.14610727
284,2.20309304e-6,7.38976395e-6,1.906125e+9,22.05535,0.000303468678,6.8399e-8,-3.970236959
285,6.88682439e-6,5.98878466e-6,2.206008e+8,28.08418,0.000330970371,,-110.9246802
286,6.43114987e-6,8.1503498e-6,1.552426e+8,26.85322,0.000716663256,1.4329e-7,-1.573260179
287,3.53649504e-6,1.1913154e-6,6557864,32.32129,0.000924878046,2.8966e-7,-32.5259773
288,8.56769202e-7,8.095656e-7,2.384046e+7,29.98451,0.00173655598,1.40524e-7,-30.60486969
289,3.34526503e-6,7.68889068e-6,6.731836e+7,26.80283,0.000689327107,1.02343e-7,-7.148295853
290,9.47212391e-6,9.67031116e-7,1.977629e+7,30.12191,0.00066650198,1.76276e-7,-19.4811857
291,1.19111283e-6,4.06043769e-6,3.801011e+7,31.57575,0.00119714806,1.234e-7,-4.441520372
292,4.75868777e-6,1.19790053e-6,2.397949e+7,30.9333,0.000464662786,1.47012e-7,-21.86350837
293,5.72349606e-6,5.75607242e-6,8.255713e+7,28.72951,0.000423124506,,-106.1850835
294,4.79502324e-6,9.44835047e-6,1.533556e+8,28.67931,0.000970890613,,-101.7714008
295,3.09399264e-6,6.55787007e-7,1.057134e+8,24.72731,0.00102842764,1.38748e-7,-2.635734389
296,2.46630428e-6,1.40631197e-6,4.574573e+7,31.16374,0.00127910431,1.18177e-7,-25.76673977
297,5.90039129e-6,4.02277273e-6,1.672897e+7,32.11719,0.000680816501,1.82653e-7,-22.99610994
298,7.29691598e-6,8.87553823e-6,1.466379e+8,28.47529,0.00140990345,,-111.1696918
299,1.46451911e-6,5.87759171e-6,3.322977e+7,30.51765,0.000691170143,1.67859e-7,-3.725047291
300,2.70517608e-6,8.59495264e-7,4.236343e+7,26.89382,0.00111178012,,-101.5529651
301,5.21580615e-7,5.98106244e-6,2.167296e+7,32.49818,0.00128739587,1.30003e-7,-4.317108704
302,4.95622808e-7,8.02787275e-7,1.309357e+7,33.28113,0.00286140341,1.86354e-7,-81.53777762
303,4.26010779e-6,1.04142032e-6,3.948104e+7,26.32872,0.0015261958,1.89309e-7,-19.41877594
304,9.61073197e-7,3.84383982e-6,3.45805e+7,31.65664,0.00133458033,1.19825e-7,-8.890959265
305,7.12532003e-6,2.61220581e-6,7473324,31.66263,0.000604442685,2.54587e-7,-33.85708839
306,5.39331716e-6,4.9382455e-6,1.785662e+7,32.15821,0.000535688177,1.51455e-7,-31.15148823
307,7.48700099e-6,7.23475838e-7,2.711827e+7,26.05042,0.00181492964,1.6726e-7,-42.07166809
308,3.40898093e-6,6.57689445e-6,3.104511e+7,32.87638,0.000539228315,1.623e-7,-12.27672402
309,3.29308279e-6,6.77745811e-6,5.654539e+7,30.00007,0.000359735633,,-106.6568077
310,4.99504546e-6,5.21159309e-6,5.456249e+8,24.1034,0.00228056708,,-152.2298558
311,8.46143601e-6,5.05224108e-6,1.733124e+7,32.06017,0.000377023545,1.60067e-7,-29.13461125
312,1.60077614e-6,6.58258208e-6,1.014996e+8,29.00974,0.00122412986,1.05369e-7,-1.651567531
313,7.11506369e-6,2.33568904e-6,1.538633e+7,31.71797,0.000710379134,2.11743e-7,-19.10061422
314,6.79554504e-6,9.89900614e-6,5.766759e+7,28.69256,0.0003543099,,-111.7193217
315,4.43202265e-6,8.80703152e-6,5.960371e+7,26.44411,0.00051733828,,-106.2192781
316,4.06766024e-7,4.16234457e-6,1.976913e+7,28.59933,0.00221186139,1.25998e-7,-47.33806156
317,3.27611156e-6,9.79622482e-6,4.9263e+7,31.96324,0.00043005582,,-106.6568077
318,8.63088613e-6,6.64176536e-6,3.777566e+7,30.06985,0.000572477686,,-101.1110654
319,1.4545684e-6,6.05634843e-6,4.764051e+7,30.68019,0.00089907118,9.9212e-8,-4.441520372
320,9.89920177e-6,2.94568875e-6,1.924554e+8,26.86954,0.000589383008,1.12971e-7,-1.565102188
321,7.31384171e-6,9.52182433e-6,2.632059e+7,30.75561,0.00068369476,1.36681e-7,-30.14475789
322,7.21959947e-6,6.29780335e-6,2.93514e+7,32.25882,0.000474345591,1.59104e-7,-32.15127375
323,6.40866301e-6,7.35505269e-6,2.279098e+8,27.449,0.000632255893,,-101.2754308
324,6.60836657e-6,5.86176705e-6,1.217117e+8,27.24506,0.00203898168,,-140.9853755
325,4.49075344e-6,7.23745498e-6,5.961445e+7,31.68795,0.000632620957,1.14715e-7,-13.25487884
326,4.11678445e-6,8.33754104e-6,1.301571e+8,28.5414,0.000847214714,,-101.8403525
327,2.35220578e-6,2.50994818e-6,7.161189e+7,27.3892,0.00375119286,,-186.8226198
328,4.87205748e-6,5.42137028e-6,7.2582e+7,28.07142,0.00101068276,1.79664e-7,-1.947428433
329,3.78273106e-6,6.49168875e-6,1.875852e+8,29.60863,0.000562732123,1.49761e-7,-0.1956847502
330,1.56174434e-6,8.09771531e-6,3.085386e+7,31.47024,0.00176002542,1.59044e-7,-33.90220994
331,6.61505502e-6,2.81086487e-6,1.310268e+7,32.88981,0.000538969896,1.66027e-7,-31.45283732
332,5.21443411e-6,3.20201674e-6,7.686651e+7,25.397,0.00101773722,1.4236e-7,-2.301093725
333,9.06554341e-6,1.79924866e-6,1.730246e+7,28.92804,0.00116740812,2.30106e-7,-11.80197195
334,6.59394061e-6,3.4598767e-7,3917349,30.93414,0.00115124762,5.18737e-7,-24.40374026
335,4.98217885e-6,1.17258289e-6,4.116091e+7,30.76777,0.000371785541,,-108.8655516
336,8.43828097e-6,3.68319427e-6,5.676859e+7,29.32742,0.000734740228,1.16982e-7,-20.07382075
337,7.98791987e-6,2.26809259e-7,2.175012e+7,25.49978,0.00124684552,1.98194e-7,-6.451072815
338,7.19865057e-6,3.02894915e-6,3.734084e+7,31.95196,0.000467476212,1.22483e-7,-28.11118258
339,2.57000883e-6,3.72599939e-6,1.101506e+7,31.84557,0.000553514527,,-103.3320993
340,8.5939013e-6,3.35181653e-6,1.13973e+8,24.48271,0.000891138948,1.42944e-7,-2.757945425
341,7.35487294e-6,1.77391401e-6,2.968199e+7,32.77686,0.000366359514,1.58362e-7,-22.91889965
342,7.17510735e-6,3.99557314e-7,1.202701e+7,29.42079,0.0011966361,3.23558e-7,-12.89084247
343,6.82698144e-7,4.09375258e-6,9.196167e+7,28.41841,0.00123470252,1.72349e-7,-3.093187101
344,2.66466118e-7,4.78983078e-6,6.075141e+7,25.6418,0.00226529266,8.5257e-8,-50.88075971
345,7.72591086e-6,3.53937553e-6,1.02341e+7,31.84178,0.000619412623,2.00241e-7,-34.16305228
346,6.93368121e-6,2.28684247e-6,2.019245e+7,30.60295,0.000413401177,,-104.4415204
347,6.81968133e-6,2.83801043e-6,2.691906e+7,29.98637,0.000324919431,,-111.0724261
348,7.6835969e-6,4.93031965e-6,2.458607e+8,27.96808,0.000458203215,,-101.015925
349,6.3311522e-6,4.24387658e-7,6221717,31.73336,0.000797584387,3.06864e-7,-32.34341134
350,2.65607378e-6,7.31912823e-6,1.067778e+8,30.47678,0.000897524601,1.16588e-7,0
351,6.093991e-6,8.94217764e-6,6.695658e+7,31.53739,0.000414971236,1.79881e-7,-16.42530677
352,8.97021294e-6,3.97916039e-6,6.645698e+7,26.58858,0.00088426109,1.34177e-7,-9.467676648
353,9.38762329e-6,1.61180377e-6,5.039515e+7,29.86105,0.000673804874,9.6068e-8,-28.18065757
354,2.04186044e-6,7.03076104e-6,5.595837e+7,31.6887,0.000679031792,1.82457e-7,-7.779610463
355,7.3027202e-6,4.11983347e-6,6.384323e+7,25.44822,0.000438020912,8.6344e-8,-10.03762919
356,3.86978961e-6,5.70913264e-6,7.779803e+7,30.03577,0.000394551294,9.4243e-8,-9.966799462
357,2.45633547e-6,6.39537948e-6,9.932737e+7,30.44849,0.000623490943,1.14321e-7,-3.332099314
358,6.84842528e-6,8.29174454e-6,1.549871e+8,25.7615,0.000693634708,1.15235e-7,-2.11893279
359,1.33947253e-6,8.90079421e-6,2.321088e+7,31.64902,0.000559498108,,-105.549847
360,8.2204728e-6,1.57271441e-6,2.374301e+7,32.116,0.000467196313,1.26996e-7,-31.15148823
361,7.63709243e-7,7.96085453e-6,5.735108e+7,30.60096,0.0013214961,1.12532e-7,-6.017526077
362,8.83555852e-6,1.43378837e-6,3.535668e+7,28.57507,0.00105023837,1.46052e-7,-18.30527999
363,1.25377367e-6,6.95113934e-6,6.082431e+7,29.70789,0.00161907679,1.14602e-7,-26.30049219
364,4.58200639e-7,7.77789165e-6,2.484966e+7,32.75675,0.00134669046,2.30473e-7,-10.79385757
365,2.855648e-6,8.86089427e-6,8.901666e+7,27.421,0.000487303942,,-101.2894285
366,9.13476574e-6,2.85568987e-6,1.586399e+7,32.94953,0.000384603745,1.68681e-7,-31.58553551
367,4.59906386e-6,8.40929958e-6,2.924814e+7,30.05063,0.000608451274,1.24302e-7,-20.80297713
368,5.14549968e-6,5.64929789e-6,2.547959e+7,30.10024,0.000888050868,1.5659e-7,-18.66740367
369,3.07132724e-6,7.99309005e-6,2.646895e+7,30.09594,0.000625838961,,-103.3320993
370,2.05069655e-6,5.61177319e-6,2.611143e+7,32.59246,0.0012365428,1.6611e-7,-15.33733095
371,9.38224491e-6,6.00545458e-6,7.265251e+7,29.1434,0.000420422003,,-109.293849
372,2.5608784e-6,7.68320319e-6,2.977205e+7,29.01086,0.00085728521,,-100.494566
373,7.52055969e-6,2.76183063e-6,4.776068e+7,28.09689,0.000634294205,1.20759e-7,-14.20640512
374,5.32060169e-6,6.10701819e-6,7.041948e+7,27.81379,0.000418631284,8.2939e-8,-9.958613043
375,5.53973025e-6,8.66724499e-6,5.952754e+7,31.11522,0.000519742983,1.21671e-7,-18.66740367
376,1.32069635e-6,2.45538652e-6,3.93512e+7,31.68875,0.00118839252,1.19346e-7,-9.966799462
377,3.99309179e-6,2.91111179e-6,3.304087e+7,29.58488,0.000463762339,,-106.8643674
378,8.25806528e-6,2.7765537e-6,6.018134e+7,28.6409,0.000786874379,1.21544e-7,-10.646339
379,3.92050536e-6,1.09961122e-6,1.599384e+7,31.63086,0.000559156218,1.74848e-7,-19.40979003
380,7.27415686e-6,9.38838746e-7,1.369271e+8,24.50347,0.000723647793,1.4291e-7,-2.747573291
381,8.78577132e-6,8.35442526e-6,2.220515e+7,32.11986,0.000556952381,1.68008e-7,-20.13792988
382,3.91322669e-6,6.1284986e-6,2.420843e+7,32.77561,0.000843532979,1.60447e-7,-18.68975367
383,7.57156702e-7,4.81892981e-6,2.007756e+7,33.48035,0.000786850978,2.74733e-7,-5.73036533
384,1.97791443e-6,2.51410202e-6,4.067535e+7,29.70147,0.00054855206,,-103.4813642
385,5.79847702e-6,4.13596183e-6,2.531701e+7,32.74374,0.0003747234,1.71337e-7,-27.65155578
386,9.32597925e-6,2.30301962e-6,4.270186e+7,29.39453,0.000755166966,1.33616e-7,-16.81677537
387,4.09470345e-6,2.10528865e-6,7.092133e+7,28.65899,0.000742126265,1.054e-7,-12.83221902
388,8.21679631e-6,4.58767266e-6,1.74498e+7,32.26713,0.000545546443,1.70195e-7,-32.66101934
389,6.72556489e-6,4.39624576e-6,3.977282e+8,28.16343,0.00034400096,7.1848e-8,-6.4681062
390,4.66113342e-6,1.16404744e-6,8.773028e+7,29.25739,0.000436220013,,-103.7034026
391,2.5868948e-6,6.72587438e-6,6.043093e+7,27.38962,0.0005837352,,-103.5269724
392,2.26864829e-6,9.57627527e-6,5.670933e+7,30.72199,0.00109548404,1.04515e-7,-20.80297713
393,7.38166943e-6,6.75782385e-6,1.001476e+8,29.85346,0.00078840068,9.6172e-8,-16.58731128
394,7.22286384e-6,4.37013648e-6,1.60218e+8,25.48904,0.000776642773,1.06624e-7,-2.255097609
395,8.06154417e-6,8.05514867e-6,4.809649e+7,28.60751,0.000918989786,1.78739e-7,-1.633156333
396,7.72765339e-7,9.78421016e-6,3.88475e+7,21.77858,0.00179638523,9.7345e-8,-33.02835832
397,9.88829676e-6,3.79615984e-6,3.333256e+7,28.66619,0.000938931743,1.78845e-7,-7.15896424
398,4.55529381e-6,3.70844796e-6,1.197674e+7,33.08245,0.000769234411,2.1153e-7,-22.31346205
399,4.81157286e-6,2.70866946e-6,9.705036e+7,30.01035,0.000858309913,1.23681e-7,-4.441520372
400,4.2260486e-6,4.85426331e-7,6508791,31.90362,0.00104122851,3.71123e-7,-25.94840363
401,2.36306055e-6,2.42697523e-6,6780343,31.86992,0.00158030201,3.05643e-7,-45.74778588
402,6.23157751e-6,8.38191219e-6,4.074078e+7,28.7303,0.000296835958,,-109.500393
403,1.9299151e-6,6.61640084e-6,4.905727e+7,31.94288,0.000923795922,1.06182e-7,-9.966799462
404,4.56603742e-6,5.04924252e-6,2.793475e+7,32.59976,0.000601390655,1.34102e-7,-21.86350837
405,8.19974408e-6,2.00979644e-6,1.871015e+7,30.38663,0.00083859305,2.00386e-7,-13.08463664
406,9.07983367e-6,6.41454631e-6,5.206161e+7,31.49273,0.000379481975,1.14711e-7,-32.15127375
407,4.44313287e-6,8.77390821e-6,1.322097e+8,29.28011,0.000680627209,1.11411e-7,-19.02734711
408,6.96567495e-6,7.95199696e-6,4.892985e+7,31.87281,0.000516075745,1.22534e-7,-18.66740367
409,7.9049955e-7,1.13517217e-6,1.709665e+7,31.46785,0.0012452531,1.24771e-7,-5.544393535
410,2.21767755e-6,7.40142434e-6,2.795874e+7,26.5109,0.000823009294,1.07314e-7,-7.29422005
411,4.911932e-6,7.4566818e-6,3.144731e+7,30.58815,0.000281460388,,-111.0656111
412,2.37502692e-6,5.474589e-7,1.022295e+7,32.80957,0.00106951476,2.06631e-7,-25.25002726
413,7.9683151e-6,1.0823129e-6,8429146,32.70114,0.000538002529,2.40114e-7,-33.13482015
414,2.06873357e-6,2.21424705e-7,3170393,31.38737,0.0020516609,6.16752e-7,-79.10386964
415,1.8261366e-6,3.69114682e-6,8.775525e+7,27.30143,0.00162277875,,-122.1309651
416,3.20009125e-6,7.28061802e-7,3.105722e+7,29.90902,0.00138306457,1.46797e-7,-30.98716416
417,4.01171401e-6,3.78387711e-7,7274481,31.20443,0.00109152221,2.72464e-7,-30.6306623
418,9.11861215e-6,5.43406039e-6,3.342914e+7,30.28839,0.000422245649,,-104.4415204
419,5.23436782e-6,2.46800214e-6,7.21271e+7,27.58976,0.00157418549,,-119.6507576
420,4.07971345e-6,8.75003321e-6,1.097399e+8,28.77827,0.000965832226,1.1334e-7,-19.27826107
421,1.11482431e-6,3.77010359e-6,2.666158e+7,33.4421,0.00095014029,2.90196e-7,-8.722476423
422,1.96288522e-6,3.4842468e-6,1.761842e+7,33.15391,0.000893449432,1.44508e-7,-28.11118258
423,2.93164462e-6,5.0714858e-6,3.37758e+7,32.52774,0.000670045024,2.0559e-7,-12.24590473
424,8.79162189e-6,9.37662707e-6,3.875025e+8,26.11575,0.000410248582,,-106.3834012
425,2.38040509e-6,7.66518202e-6,2.925967e+7,26.44835,0.000830114154,1.28246e-7,-15.03051719
426,2.17187705e-7,7.70400933e-7,1.019359e+7,23.04997,0.00290144574,1.32116e-7,-72.5922052
427,9.15808636e-6,8.13081948e-6,4.027205e+7,31.12187,0.00036343187,1.36857e-7,-28.11118258
428,9.41439541e-6,5.40468231e-6,4.692953e+7,31.77523,0.000377465634,1.08957e-7,-34.12932565
429,6.73705322e-6,2.56989828e-6,2.707011e+7,31.93054,0.00024583946,,-122.9188997
430,8.99299024e-6,5.90384071e-6,1.330885e+7,32.01957,0.000564698908,2.01716e-7,-27.09887931
431,2.81722645e-6,1.29397861e-6,1.154509e+7,31.88008,0.000923875452,1.84323e-7,-27.26813463
432,9.9795622e-6,7.72762794e-6,1.181657e+8,28.39148,0.000563418815,9.6205e-8,-3.026099156
433,2.07668458e-6,2.0138455e-6,1.595683e+7,33.045,0.0011993481,1.63903e-7,-25.20853149
434,5.37295003e-6,8.73517827e-6,2.46136e+7,29.87264,0.000326331035,,-110.0304795
435,1.90713835e-6,3.42049336e-6,1.02754e+8,25.2952,0.00132006325,1.10742e-7,-8.298105765
436,2.48567368e-6,2.11072624e-6,7.39138e+7,27.98091,0.00140408424,1.15315e-7,-27.6430081
437,6.56567482e-6,5.51699157e-6,4.253913e+7,32.07569,0.000415066222,1.09411e-7,-21.86350837
438,6.80949174e-6,4.99729971e-6,9.130615e+7,30.21113,0.000670306775,1.001e-7,-19.73753202
439,8.92127005e-6,4.71690273e-6,4.084953e+7,31.90521,0.000322024288,1.36336e-7,-19.73753202
440,6.71595196e-6,9.91990819e-6,1.829287e+8,27.11437,0.00109172931,1.00313e-7,-1.442714891
441,9.41687986e-6,3.23742283e-6,4.996445e+7,27.76583,0.000336358081,1.08164e-7,-16.54832805
442,1.91570602e-6,3.65085345e-6,2.473842e+7,32.72191,0.000641960966,1.35275e-7,-13.25487884
443,9.86519861e-6,1.84885175e-6,1.11749e+8,28.50075,0.000481010378,1.14708e-7,-9.615162537
444,8.04582627e-7,9.64972539e-6,2.045396e+7,33.63769,0.00105977373,3.14519e-7,-7.710614471
445,2.16324494e-6,6.35844616e-6,4.257505e+7,32.03535,0.000720595884,1.78561e-7,-8.690155408
446,8.63715872e-6,5.88959106e-6,2.1866e+8,26.86087,0.000555101948,9.3489e-8,-18.08347742
447,1.1956812e-6,5.89541515e-6,7.976147e+7,27.94544,0.00137665279,1.18972e-7,-12.00922757
448,9.68782569e-6,9.00660038e-6,9.846732e+7,28.99829,0.000349327792,9.4476e-8,-22.36435918
449,8.69837718e-7,6.38098218e-6,2.712306e+7,32.89854,0.0011617391,2.17884e-7,-2.893392172
450,8.05937265e-6,5.44663023e-6,4.286994e+7,29.99955,0.000370367576,1.27796e-7,-20.80320213
451,8.41714464e-6,3.10088178e-6,3.275972e+7,30.12927,0.000579552849,1.28066e-7,-25.01338174
452,4.32076562e-6,7.53198815e-6,3.371595e+7,32.30975,0.000562800257,1.29918e-7,-23.96892961
453,6.6495485e-6,4.76262905e-6,2.354016e+7,32.11864,0.000663757125,1.55421e-7,-23.96892961
454,3.54950096e-6,5.48357615e-6,2.571624e+7,32.75366,0.000828539839,1.39618e-7,-25.01338174
455,3.10279398e-6,4.53458776e-6,2.000018e+8,26.90685,0.000884584177,,-101.5464517
456,3.15641084e-6,1.54867037e-6,1.388836e+7,29.27848,0.00190237869,2.77033e-7,-42.12626975
457,4.47393657e-6,5.6059255e-6,1.790913e+7,31.41104,0.00071363875,1.59928e-7,-27.08471185
458,2.51887304e-7,7.11970432e-6,6.162858e+7,26.67669,0.0024159904,1.05924e-7,-64.7632038
459,3.8136214e-7,3.99542844e-6,2.479284e+7,27.99095,0.00139511657,,-110.6799567
460,5.07463444e-6,9.88819337e-6,7.027867e+7,30.34769,0.000760099449,1.20775e-7,-21.86350837
461,6.31478937e-7,1.44165932e-6,8320172,32.14258,0.00379005952,3.16787e-7,-98.29567903
462,4.35811337e-6,8.22281327e-6,3.902866e+7,29.61089,0.000460194465,,-106.8513624
463,1.28785429e-6,7.93780314e-6,2.60843e+7,19.88783,0.00124464262,1.18855e-7,-7.233565469
464,8.31210259e-6,1.49376291e-6,1.160037e+7,32.00341,0.000522243772,1.91719e-7,-34.72975884
465,3.92620157e-6,2.25854448e-6,2.301872e+7,31.66578,0.000722982187,1.36879e-7,-28.11118258
466,9.66415669e-6,1.45216623e-6,7660036,30.42977,0.00106973081,3.00452e-7,-29.92997795
467,6.65867529e-6,6.71346483e-6,3.713906e+7,31.76103,0.000555422837,1.20537e-7,-33.1439418
468,8.08871025e-7,4.86300893e-6,1.697121e+7,29.56225,0.00123237904,,-101.787698
469,3.5598391e-6,3.96208643e-6,3.20963e+7,31.52397,0.000677906311,1.33666e-7,-22.91889965
470,2.93611882e-6,7.50130615e-6,4.776054e+7,29.46618,0.000820215633,,-101.3779748
471,6.10766418e-6,3.38057234e-6,1.666303e+7,32.62331,0.000318124654,1.74449e-7,-28.83362001
472,8.16902315e-6,7.80397603e-7,1.797338e+7,29.65982,0.000923238764,1.82284e-7,-18.87707078
473,4.64876903e-6,6.54111456e-6,3.938781e+7,30.88885,0.000531767052,1.5181e-7,-22.91889965
474,6.91124304e-6,5.78877777e-6,2.835777e+8,26.44424,0.000622095594,9.2029e-8,-15.03257154
475,5.58178241e-6,6.16461132e-6,3.920829e+7,32.141,0.000539670611,1.32054e-7,-16.51404129
476,5.87102189e-6,3.67681004e-6,6.852379e+7,30.32456,0.000646451455,1.26869e-7,-5.549847011
477,7.84927924e-6,7.48143573e-6,5.986355e+7,31.28681,0.000408290523,1.11414e-7,-26.05204458
478,8.30564908e-6,6.56809603e-6,2.600785e+7,32.70742,0.000396558677,1.1124e-7,-36.077604
479,1.32525069e-6,9.15266082e-6,4.733818e+7,30.20433,0.00190425537,1.22251e-7,-50.29586808
480,6.25052658e-6,3.82553616e-6,2.989545e+7,31.12652,0.000557936649,1.40226e-7,-29.13126125
481,7.16288704e-6,9.8691619e-6,1.05579e+7,32.41385,0.000620370603,1.99999e-7,-31.13094464
482,3.05241899e-7,5.5583777e-7,1.052545e+7,28.76336,0.00665733161,3.64373e-7,-109.9513341
483,2.49745982e-6,3.54870898e-6,8.079443e+7,30.5765,0.000641705686,,-100
484,7.81828958e-6,5.8925832e-7,1.148806e+7,31.801,0.00058665279,1.95588e-7,-29.8903948
485,6.22587843e-6,5.34491763e-6,9.599039e+7,28.55753,0.000544935285,,-101.8322879
486,5.78514412e-6,6.99398592e-6,5.184775e+7,29.63867,0.000830489659,1.28549e-7,-25.19404655
487,6.87928352e-6,7.28863194e-6,1.844977e+7,30.55927,0.000301199304,,-108.8655516
488,3.47267479e-6,2.44417226e-6,6.225952e+7,30.96933,0.000438017683,9.2002e-8,-12.16172407
489,3.62973932e-7,5.53651147e-6,1.401374e+7,32.24488,0.00172528258,1.67995e-7,-26.02947376
490,3.15454274e-6,8.43666851e-6,4.08321e+8,26.09773,0.000665441855,,-101.9508874
491,2.85609424e-7,8.77847255e-6,1.022788e+7,33.13011,0.00189535951,2.41553e-7,-37.46259529
492,2.02395229e-6,5.40078855e-6,2.523959e+7,31.92232,0.000988135609,1.30983e-7,-22.91889965
493,5.45459159e-6,1.11600974e-6,2.231934e+7,28.83676,0.00115242876,1.7413e-7,-17.80214298
494,3.34184575e-6,2.14757133e-7,3.501901e+7,26.29384,0.00152407891,1.62084e-7,-20.19380862
495,8.51281048e-6,4.26833323e-7,7175642,30.94352,0.000841769442,3.10488e-7,-28.31320902
496,4.18910661e-6,1.98002599e-6,6.486204e+7,27.75916,0.00163067831,,-122.2797431
497,1.59341721e-6,8.24222407e-6,2.32037e+7,32.6856,0.000828832697,1.35984e-7,-8.865551578
498,7.85954152e-6,1.56643632e-6,6274102,32.19846,0.000512793881,2.71006e-7,-36.69609586
499,8.95103779e-6,7.579897e-6,2.273464e+7,32.84545,0.000293969934,,-121.8635084
500,8.29739891e-6,6.8360538e-6,4.766852e+7,30.68729,0.000253144209,,-118.6674037
501,1.91838702e-6,8.20207207e-6,4.778627e+7,32.20287,0.000726505008,1.73891e-7,-5.136059203
502,7.04610729e-6,5.93179923e-7,1.441823e+7,30.53681,0.000872971062,2.18118e-7,-18.33637185
503,3.0156918e-7,3.35513399e-6,2.152952e+7,30.36661,0.00484557678,1.36916e-7,-100.4564564
504,9.82395024e-6,5.69173646e-6,2.593573e+8,26.94336,0.000549054998,9.2643e-8,-1.528201018
505,8.03376187e-6,5.23608866e-6,6.114979e+7,27.02862,0.000394512159,1.09009e-7,-15.83039926
506,4.90378976e-6,8.3482024e-6,2.591064e+7,29.34966,0.000262149267,,-109.1907204
507,5.58707599e-6,6.64103814e-6,3.326014e+7,31.25184,0.000853076406,1.57057e-7,-16.51404129
508,6.34601841e-6,5.5231921e-6,6.849047e+7,30.83041,0.000497865608,1.05889e-7,-21.86350837
509,2.80460605e-7,6.76512454e-6,5.621578e+7,29.5084,0.0016778156,2.25672e-7,-26.9273485
510,6.76935011e-6,6.45058856e-6,1.308172e+7,32.86225,0.000608860954,1.8502e-7,-27.30297933
511,9.34683925e-6,8.25144366e-6,2.435248e+7,32.89202,0.000307662159,1.92123e-7,-27.65805648
512,8.48654161e-6,3.05653662e-6,1.397653e+7,31.32225,0.000631177834,2.01449e-7,-21.80968536
513,1.69000126e-6,9.97123732e-6,3.392319e+7,33.0875,0.000715320548,2.35336e-7,-7.097118781
514,8.41234995e-6,1.15973749e-6,1.859306e+7,29.74205,0.000897463149,1.80211e-7,-25.10842014
515,4.82256848e-6,2.62546433e-6,2.414456e+7,29.7297,0.00114711621,1.52804e-7,-20.93812705
516,2.55125261e-6,8.54133137e-6,2.900017e+7,31.88978,0.00128135255,1.79059e-7,-9.409908682
517,7.26603999e-6,4.98760145e-6,7.097528e+7,28.71656,0.000315501462,,-109.5072628
518,3.00528133e-6,4.97309584e-6,4.611257e+7,31.02348,0.000809862687,1.13969e-7,-20.80297713
519,3.11517289e-6,5.0378253e-6,4.553381e+7,28.85961,0.000498759589,,-106.1200358
520,3.75228642e-6,6.03682351e-6,3.074189e+7,31.25208,0.000970905589,1.46327e-7,-16.51404129
521,7.46614651e-6,2.41996611e-6,4.37833e+7,30.22077,0.000707804932,1.69067e-7,-3.785446208
522,6.91183942e-6,6.69663817e-6,1.115302e+7,33.07244,0.000584549857,2.15546e-7,-25.69548579
523,6.63769763e-6,1.95972984e-6,7.438569e+7,31.03131,0.000400790988,8.9563e-8,-17.59282705
524,7.50201741e-6,7.11325412e-6,5.89938e+7,28.46409,0.000253867908,,-111.833551
525,8.68082398e-6,7.66051699e-6,4.02717e+7,30.47714,0.000400574293,,-107.7621321
526,6.13744016e-6,1.24320081e-6,2.625436e+7,29.18846,0.000627754349,,-100.4057678
527,4.95370356e-6,9.61763098e-6,3.572406e+7,29.428,0.000289810751,,-113.5408781
528,8.89135614e-6,4.46723581e-6,3.329109e+8,24.28731,0.00048902652,8.4261e-8,-2.855568451
529,2.75916376e-6,4.8651226e-6,7.278457e+7,30.86871,0.00103054364,1.00685e-7,-9.966799462
530,8.52765446e-6,7.977671e-6,7.487792e+7,30.09291,0.000329964929,1.15969e-7,-14.34481856
531,1.02614099e-6,5.22054709e-6,1.000418e+8,28.04082,0.00149108949,1.10436e-7,-25.34996635
532,8.16981139e-7,6.17921867e-6,1.808499e+7,33.55315,0.00100031959,2.43624e-7,-5.289830506
533,7.42303369e-6,9.78419123e-7,3.600111e+7,31.23275,0.000340010782,1.22794e-7,-19.73753202
534,6.78188466e-6,1.76254227e-6,1.002606e+7,32.55948,0.00055835396,2.03289e-7,-32.30886995
535,3.41709102e-6,6.93439888e-6,5.047021e+7,31.84633,0.000559900564,,-107.7621321
536,6.83050717e-6,9.92825505e-6,5.951698e+7,27.09618,0.00034477491,,-110.3173596
537,1.19750405e-6,7.34453014e-6,1.799465e+8,27.59243,0.000963022925,9.7449e-8,-1.203726857
538,7.73846986e-6,1.21869477e-6,2.316527e+7,28.73776,0.00100509079,1.9554e-7,-7.957771612
539,4.83429846e-6,5.51880668e-6,1.708528e+7,32.28492,0.000809068938,1.87347e-7,-22.17024192
540,3.85540061e-6,2.52704515e-6,6.377012e+7,31.25926,0.000947384431,1.64813e-7,-10.207449
541,6.4699368e-6,9.0031341e-6,5.163599e+8,23.78835,0.000471450924,8.3404e-8,-6.436926057
542,9.96077634e-6,1.47942911e-6,1.406452e+7,31.59394,0.000429422427,1.64691e-7,-29.36581082
543,3.94390078e-6,5.07624656e-6,3.823394e+7,29.50676,0.0011502428,1.18148e-7,-22.11012787
544,5.47077052e-6,6.33744059e-6,4.362365e+7,28.26311,0.000252703736,,-108.6305552
545,1.76805664e-6,6.06134201e-6,1.864874e+7,32.07134,0.00161714078,1.98653e-7,-30.20642245
546,4.20878178e-6,7.74930182e-6,2.258766e+7,29.8082,0.000343670287,,-107.858032
547,8.57079271e-6,8.58890942e-6,2.310022e+8,27.43077,0.00160071651,,-121.0084539
548,7.33785743e-6,9.21927504e-6,1.241952e+8,27.28359,0.000401805933,8.7192e-8,-8.014929139
549,8.03081497e-6,3.29000191e-7,1.035195e+7,32.48448,0.000569184026,2.15792e-7,-31.92013786
550,1.86030882e-6,1.90235033e-6,5.246922e+7,31.94602,0.000941561514,1.55543e-7,-5.549847011
551,9.18174493e-6,8.6847577e-6,6.430703e+7,28.14032,0.00024389104,,-110.8966127
552,6.58037782e-6,4.67811689e-6,4.883886e+7,29.31247,0.000450787677,,-108.1058957
553,2.36899967e-6,4.66264662e-6,7.222392e+7,26.97369,0.00175212505,,-128.3923539
554,5.31167702e-6,7.47399921e-6,1.364027e+8,28.08674,0.00078794501,,-100.9566008
555,5.50022905e-6,2.5022754e-6,1.574504e+7,32.08348,0.00073316766,1.85552e-7,-26.29091223
556,5.83373525e-6,2.94970036e-6,3.93739e+7,30.40862,0.000877912962,1.23913e-7,-26.05204458
557,5.83697223e-6,6.14324797e-6,1.141456e+8,27.62825,0.000754562856,1.09117e-7,-2.296884802
558,4.51680552e-6,4.14095708e-6,2.292936e+7,27.47416,0.00077812335,1.45992e-7,-13.42457693
559,3.67599569e-7,6.18432256e-6,1.579142e+7,33.24134,0.00123447668,1.57457e-7,-1.673677473
560,9.35015264e-6,5.42782112e-6,2.305931e+7,30.4071,0.000509840454,1.52021e-7,-20.80297713
561,9.08985282e-6,9.76245441e-6,5.105197e+7,29.99776,0.000248001184,,-112.1628441
562,1.87414028e-6,9.09279865e-7,8424222,30.87455,0.00195289758,2.59651e-7,-58.48966449
563,7.24383898e-6,6.55879719e-6,1.976362e+7,31.41294,0.000485664439,,-105.549847
564,5.0610168e-6,4.48250036e-6,1.117301e+8,27.71028,0.000787663417,,-101.14481
565,7.39892118e-6,2.14247367e-6,5.304207e+7,28.68305,0.000855673508,1.27974e-7,-15.00328404
566,8.42301273e-6,5.29485392e-6,6.158896e+7,29.16301,0.000423759417,1.11498e-7,-12.58021662
567,3.06196856e-6,2.53339911e-6,3.166623e+7,30.86147,0.000573241478,1.23744e-7,-14.34481856
568,8.51206625e-6,7.256138e-6,8.132211e+7,29.39851,0.000336100531,,-108.0628761
569,7.8541692e-6,9.69723081e-6,5.437666e+8,23.84103,0.00584311543,,-201.1694523
570,9.21804969e-7,4.92766144e-7,4.032292e+7,24.50633,0.00300440193,1.48613e-7,-82.22078557
571,2.66630422e-6,2.06956852e-6,2.871323e+7,33.0351,0.000807109336,1.70695e-7,-14.87956346
572,7.38374827e-6,5.58051649e-6,6.137953e+7,29.93403,0.00088095773,1.63173e-7,-6.848442516
573,1.39250127e-6,6.78538703e-6,1.445105e+8,26.70955,0.00109775633,9.8615e-8,-1.645076575
574,6.71481248e-6,9.75940654e-6,1.347764e+8,28.0815,0.00062075364,,-100.9592206
575,1.79752904e-6,7.29452452e-6,2.681114e+7,33.42,0.000643908646,2.2893e-7,-8.994983033
576,4.99610745e-7,7.03704033e-6,2.648453e+7,32.24761,0.00147616051,1.72287e-7,-14.28621435
577,9.03395967e-6,2.26241399e-6,1.869233e+7,31.79637,0.000431804874,1.54676e-7,-33.1439418
578,3.70821967e-6,9.03012789e-6,2.074798e+8,24.85969,0.00596819453,,-200.8830906
579,7.83904142e-6,7.57146546e-7,4.121505e+7,25.98679,0.00104168984,1.54666e-7,-8.663143376
580,5.1742911e-6,1.83524095e-6,1.749246e+7,31.74612,0.00067088876,1.5657e-7,-31.15148823
581,5.99471751e-6,6.80224426e-6,5.873674e+7,30.36796,0.000294446326,,-111.0656111
582,3.77812069e-6,2.4934413e-6,4.3918e+7,31.13941,0.000932739175,1.12613e-7,-21.86350837
583,8.08757447e-6,9.8917839e-7,1.880231e+7,31.53326,0.000469637386,1.62093e-7,-30.24940785
584,9.52977977e-6,4.50595758e-7,5.141566e+7,29.75369,0.000429495572,1.12509e-7,-16.63719623
585,2.25461647e-6,6.43835179e-6,2.59838e+7,32.91786,0.000690553861,1.15614e-7,-19.73753202
586,3.93613916e-6,3.83843874e-6,2.014148e+7,32.47277,0.000377868833,,-128.1111826
587,3.48071916e-6,5.48642559e-7,1.338421e+7,30.23367,0.00104317485,2.13222e-7,-18.09176154
588,6.39348497e-7,4.37843859e-6,2.284614e+7,32.88834,0.00143613893,1.84353e-7,-12.92066387
589,9.54321884e-6,4.47666341e-6,2.757414e+7,31.45667,0.000534117901,1.34886e-7,-32.15127375
590,6.27122277e-6,5.62936279e-6,6.567412e+7,28.73741,0.000583054043,,-107.2880943
591,7.51252111e-6,6.6564554e-6,3.376308e+7,28.2721,0.000315059291,,-108.6260606
592,1.2336504e-6,1.38260284e-6,2.438432e+7,33.19286,0.000822235784,2.12014e-7,-8.149960829
593,9.97523259e-7,1.94531017e-7,2.605623e+7,28.46251,0.00298947933,1.76852e-7,-74.07052274
594,5.24029408e-6,9.84820676e-6,2.671825e+7,30.90557,0.00049235667,,-106.6568077
595,8.23251772e-6,5.35132351e-6,1.893544e+7,32.38264,0.000486961017,1.53074e-7,-36.077604
596,2.61581702e-6,7.77023923e-6,6.990956e+7,30.40196,0.00100943703,1.24249e-7,0
597,2.33872993e-6,9.42975244e-6,7.696653e+8,23.94068,0.00046488016,8.4052e-8,-3.028733381
598,7.36294513e-6,8.84706299e-6,2.009083e+7,31.28037,0.000533736428,,-105.549847
599,4.56119202e-6,6.73647176e-6,3.491459e+7,32.13341,0.000373232471,,-116.5140413
600,9.43476674e-6,2.77001698e-6,4.617251e+7,28.56566,0.000907361839,1.19516e-7,-21.52013483
601,2.75367e-6,8.70136901e-6,6.291524e+7,27.85991,0.000686540323,9.5329e-8,-5.511524534
602,1.48094716e-6,5.92711355e-6,3.446193e+7,31.31577,0.000534497076,,-103.3320993
603,4.5537777e-6,7.59724331e-6,2.788209e+7,30.20605,0.000455496122,,-106.6568077
604,2.79266852e-6,8.88210107e-7,3.178565e+7,24.63187,0.00256146242,1.83351e-7,-64.12895168
605,7.48727036e-7,4.90164838e-6,1.932684e+7,33.08334,0.00121290255,1.85194e-7,-2.965819172
606,9.17084308e-6,1.7265122e-6,8238421,31.42618,0.000535362589,2.45513e-7,-31.35775829
607,7.28840278e-6,3.93507646e-6,2.97676e+7,31.08247,0.000634981871,1.52109e-7,-23.96892961
608,8.61124499e-6,6.82603847e-6,3.416667e+7,29.6705,0.000192707245,,-112.3264739
609,5.15781245e-7,8.26467515e-6,2.796179e+7,32.74001,0.0010581316,2.39901e-7,-3.992925933
610,4.10122537e-6,1.32319259e-6,1.401173e+7,28.68078,0.00174445918,2.14949e-7,-45.36099749
611,5.64437822e-6,7.34189047e-6,1.328248e+8,25.52004,0.000953535255,1.03277e-7,-2.239605438
612,6.06969496e-7,6.17368175e-6,4.054413e+7,30.86963,0.00148907941,1.0756e-7,-14.30517516
613,7.24674241e-6,5.01299006e-6,3.310982e+7,30.13431,0.000842598326,1.46758e-7,-16.51404129
614,1.842899e-6,5.81999622e-6,4.074382e+8,26.91401,0.000511415231,8.0926e-8,-1.542872558
615,7.14120321e-6,6.83156511e-6,5.98696e+7,29.49588,0.00103408963,,-100.2520595
616,1.11807925e-6,5.80977023e-6,2.522322e+7,32.73352,0.000764184727,1.28266e-7,-6.65680765
617,9.98472319e-6,7.74344072e-6,1.730045e+7,31.33319,0.000400824945,,-104.4415204
618,7.5856297e-6,9.12309816e-6,1.503434e+7,30.66191,0.000309168366,,-107.7621321
619,8.04675725e-6,7.73562336e-6,1.927888e+7,33.23743,0.000493715154,1.52762e-7,-32.15127375
620,9.36320293e-6,8.52884542e-6,1.862588e+8,28.99335,0.000542585145,9.9763e-8,-12.66504482
621,3.86275964e-6,9.1411926e-6,2.299057e+7,31.64972,0.00102502581,1.86463e-7,-9.08520484
622,9.60660267e-6,3.88650538e-6,1.861434e+7,31.49125,0.000493348064,1.62919e-7,-33.28989169
623,1.00442403e-6,3.83945176e-7,2.99686e+7,28.95441,0.00164241245,1.22564e-7,-25.57399709
624,6.76120226e-6,4.26570708e-6,5922756,32.02111,0.000705883222,2.95262e-7,-35.88406871
625,9.4925635e-6,8.84322054e-6,3.246867e+7,31.91636,0.000467797685,1.21162e-7,-34.12932565
626,7.79445209e-6,4.55937112e-6,1.252892e+8,27.9273,0.00149877423,,-115.8159766
627,4.57099526e-6,1.33780048e-6,1.254593e+7,32.31552,0.000672691553,1.8443e-7,-33.372713
628,9.31808503e-6,1.09115476e-6,1.594338e+7,29.61844,0.000962573006,2.18769e-7,-14.19399538
629,3.49117334e-6,3.56010784e-6,2.412731e+7,30.47475,0.000601514632,1.45903e-7,-18.66740367
630,9.77449568e-6,8.91424318e-6,1.01284e+8,30.07949,0.000512198812,9.2902e-8,-30.14475789
631,4.81753978e-6,9.24978461e-6,4.223544e+7,28.35531,0.0003606956,,-108.5844585
632,2.83233224e-6,3.4877061e-6,2.494442e+7,31.8198,0.000996764775,1.46007e-7,-25.01338174
633,6.19373668e-6,4.54273597e-6,5.264241e+7,28.77763,0.00097909907,1.41793e-7,-6.161024401
634,8.30702137e-6,1.63337481e-6,2.387264e+7,30.18915,0.000654217923,1.61819e-7,-24.05987959
635,6.05921587e-6,6.90092597e-6,9.28484e+7,28.56772,0.000504046948,,-104.0482271
636,4.95744493e-6,1.34516028e-6,8557809,31.82374,0.000749283737,2.19557e-7,-32.10823135
637,9.87661779e-6,4.42704576e-6,1.991891e+7,31.74718,0.00019373928,,-119.737532
638,3.70469263e-6,5.83448102e-6,3.392895e+7,31.68887,0.000319954893,,-108.8655516
639,9.81068821e-6,5.34332388e-7,1.612858e+7,29.83818,0.000330862155,,-101.1919754
640,1.75445909e-6,7.55609673e-6,8.710078e+7,30.87815,0.000805451166,1.05486e-7,-2.221856497
641,6.98744416e-6,3.22312218e-6,1.499617e+8,28.53938,0.000527392244,1.13821e-7,-0.7302970165
642,7.01284472e-7,4.76074806e-6,1.212109e+8,29.48944,0.000966255737,,-100.2552794
643,9.17709187e-6,5.36509041e-6,2.5356e+7,30.79045,0.000589144266,1.51108e-7,-31.15148823
644,7.56453117e-6,2.92339776e-6,1.255145e+7,32.65758,0.000503060522,1.85291e-7,-31.40924049
645,6.29888641e-6,9.69253998e-6,1.496235e+8,28.31222,0.00050115216,,-104.1759693
646,1.10788441e-6,1.42798396e-6,2.032402e+7,29.71301,0.000890142003,,-100.1434949
647,5.59638893e-6,9.30683248e-6,5.712649e+7,29.61184,0.000316051892,,-109.0596313
648,5.67021413e-7,4.59872298e-6,3.895272e+7,32.29928,0.00127725661,2.26981e-7,-7.158782187
649,3.36698674e-6,8.75419566e-6,1.142863e+8,28.52521,0.00102568562,1.19602e-7,-0.737381635
650,3.26465158e-7,3.28349643e-6,4.766932e+7,30.30364,0.00172820616,1.12706e-7,-25.76625148
651,2.18148129e-6,7.3581293e-7,7758807,33.09523,0.00116438178,2.50987e-7,-28.51514367
652,1.23977925e-6,9.61390724e-6,1.33961e+8,28.7313,0.0012420319,8.2911e-8,-11.55120026
653,5.10409447e-6,5.97552488e-6,3.999313e+7,29.16766,0.000347437298,,-109.2817192
654,5.56722583e-6,4.88884473e-6,2.16452e+7,32.83719,0.000370811684,,-117.592827
655,3.97283066e-6,9.56138023e-6,2.911128e+8,27.81444,0.000514154733,7.5023e-8,-7.749544154
656,3.13498031e-6,5.98447021e-6,1.61244e+8,30.1491,0.000545231942,1.08016e-7,-4.441520372
657,2.34306771e-6,2.36722842e-7,8689079,33.24241,0.00113161526,2.698e-7,-21.9985323
658,7.43544323e-6,4.80566947e-6,8.728584e+7,30.05718,0.000404177441,1.0691e-7,-9.966799462
659,5.70306571e-6,6.82278047e-6,1.2987e+8,27.72889,0.00255234798,,-160.0054902
660,7.41035546e-6,8.43926372e-6,1.02379e+8,26.78253,0.000279947054,,-109.3707283
661,2.79926465e-6,9.23024402e-6,2.553208e+7,32.89084,0.000576660178,1.30032e-7,-19.73753202
662,2.90102686e-6,6.58441536e-6,1.184575e+8,28.61512,0.000637478466,,-100.6924289
663,7.80858393e-6,3.12908221e-6,2.271223e+7,29.80596,0.000381275709,,-100.09702
664,9.23941498e-6,2.1941879e-6,1.867601e+7,32.09457,0.00047442152,1.51587e-7,-35.1072646
665,3.66451022e-6,3.17510222e-6,1.584718e+8,27.64139,0.00164181096,,-122.8697
666,5.00225163e-6,7.85973119e-6,1.662803e+8,27.52724,0.00206013904,,-141.7324659
667,5.41388309e-6,2.35006911e-6,2.476961e+7,30.4521,0.000551310791,1.40984e-7,-18.66740367
668,1.83854153e-6,5.30312121e-6,1.776861e+7,33.39036,0.000999778343,1.49045e-7,-23.96892961
669,6.3742133e-6,3.95836869e-7,1.447038e+7,32.56591,0.000396277683,1.61259e-7,-28.17413257
670,9.05152857e-6,6.6020025e-6,6.392561e+7,29.18432,0.000340473995,,-108.1699698
671,7.6732415e-6,7.31163816e-6,5.327593e+7,30.41177,0.000357701978,1.06496e-7,-13.25487884
672,9.45022895e-6,2.54952649e-6,8.151862e+7,30.40972,0.000594179598,1.04877e-7,-22.91889965
673,7.92407281e-6,7.84980529e-6,3.333629e+7,29.2879,0.000425785381,,-112.5177726
674,2.51147744e-6,5.74552986e-6,4.326502e+7,31.83617,0.000601874505,,-104.4415204
675,5.25591587e-6,9.17809842e-6,6.264623e+8,24.59882,0.00260363138,,-163.220157
676,8.50082644e-6,9.7667451e-6,2.901455e+7,29.41002,0.000431772475,,-109.1605407
677,6.16610113e-7,8.88154563e-6,9.518053e+7,26.96974,0.00149603097,8.5703e-8,-16.16048401
678,3.88345408e-6,3.01763462e-6,4.337266e+7,31.18155,0.000494237375,1.15669e-7,-16.51404129
679,5.83564273e-7,3.22905228e-6,3.271199e+7,31.55933,0.00150136774,1.20769e-7,-14.90648206
680,5.87964701e-6,3.09568788e-6,4.320754e+7,31.36482,0.000735725284,1.149e-7,-29.13126125
681,9.54802576e-6,8.60378964e-6,6.973968e+8,25.0405,0.000613691615,9.2432e-8,-2.479241846
682,9.0238799e-6,7.08756135e-6,5.676817e+7,28.07976,0.000261448582,,-108.7222225
683,5.38597624e-6,4.69868407e-6,3.111395e+7,30.32092,0.00035991176,,-114.3448186
684,9.4454937e-6,6.7495011e-6,5.610733e+7,31.63312,0.000371861192,1.09569e-7,-27.08471185
685,3.02947526e-6,2.34421545e-6,1.316153e+7,33.40727,0.000917730999,1.84643e-7,-24.1509873
686,3.02542341e-6,4.99466658e-6,4.319216e+7,29.44883,0.000799091862,,-102.4974408
687,5.67054378e-6,1.19495573e-6,6587628,32.41502,0.000693503636,2.90959e-7,-31.55198951
688,8.26406171e-6,8.92000715e-6,3.483594e+7,32.35927,0.000435286359,1.31574e-7,-27.08471185
689,9.30974405e-6,7.07714464e-6,3.783923e+7,28.481,0.00095701703,1.59828e-7,-2.981341893
690,4.2257734e-6,9.65548728e-7,8272121,32.55401,0.00069744382,2.23697e-7,-34.33526184
691,4.84427633e-6,2.68943414e-6,2.960506e+7,30.87518,0.000298869042,,-113.2548788
692,8.07639126e-6,7.1594913e-6,2.358009e+7,29.01113,0.000448735448,,-100.494431
693,8.98167304e-6,3.21897739e-6,3.746444e+7,28.09574,0.00105264298,1.43962e-7,-18.54492828
694,8.47492901e-6,9.8954965e-6,5.177657e+7,30.30297,0.000525744009,,-105.549847
695,1.8652533e-6,5.33287816e-6,6.989577e+7,29.41748,0.00135800596,1.24668e-7,-11.45756954
696,8.22993359e-6,3.11451397e-6,1.173582e+8,27.94438,0.000896838961,,-101.0277738
697,6.63302183e-6,6.16932844e-6,9.426602e+7,30.07783,0.00084870186,8.9055e-8,-17.59282705
698,6.87518211e-6,2.82640317e-6,6.254414e+7,31.11884,0.00049460441,1.3881e-7,-28.11118258
699,1.62736882e-6,5.89065727e-6,4.80327e+7,32.02966,0.000970285701,1.83625e-7,-1.181195061
700,4.76712763e-6,2.73655353e-6,2.189733e+7,31.00282,0.000538379799,1.51236e-7,-21.86350837
701,2.26612075e-6,6.20733243e-6,6.108587e+7,29.76566,0.00141651713,1.63664e-7,-11.03470953
702,3.53124924e-6,2.07252882e-6,6.999397e+7,28.55869,0.00125194413,1.18998e-7,-12.13285006
703,7.59945073e-6,1.60209059e-6,1.883473e+7,32.13704,0.000582119979,1.58395e-7,-32.15127375
704,8.29482355e-6,8.52345754e-6,9362280,32.66941,0.000551675717,2.23574e-7,-29.22967442
705,2.1864997e-6,1.27930937e-6,2.818475e+7,27.77387,0.00235197414,1.71474e-7,-59.17432021
706,2.30444416e-6,3.26193291e-6,9.88521e+7,30.12324,0.00115343934,9.3296e-8,-14.34481856
707,2.69845426e-6,9.58968326e-6,4.547364e+7,31.53177,0.00102347062,1.31954e-7,-13.25487884
708,9.50365647e-6,9.72796651e-6,3.05384e+7,32.45464,0.000373394849,1.38539e-7,-35.1072646
709,6.74861291e-6,6.4991076e-6,7.58247e+7,29.15189,0.00078566515,1.31807e-7,-7.080860108
710,5.75047139e-6,3.58233584e-6,4.012197e+7,31.56825,0.000733726317,1.45728e-7,-13.25487884
711,1.09566497e-6,3.50146644e-7,4252347,32.37138,0.00268188081,4.6061e-7,-92.20426151
712,8.80397752e-6,7.65282121e-6,1.308154e+8,28.08409,0.000928688917,,-100.9579257
713,9.4258586e-6,3.68969702e-6,2.224934e+7,32.00207,0.000494808355,1.3671e-7,-33.1439418
714,7.05478412e-6,1.27333535e-6,3.400173e+7,27.83088,0.00131915256,1.47338e-7,-22.41657194
715,2.82512671e-6,1.69236697e-6,2.682239e+7,32.32208,0.00078143847,1.26437e-7,-22.91889965
716,3.43842127e-6,6.01783206e-6,8.997699e+7,30.3367,0.000523170391,,-102.2218565
717,9.22672101e-6,8.76799434e-6,3.486397e+8,26.40105,0.00263136993,,-163.1910705
718,5.40934337e-7,5.84331039e-6,1.986892e+7,32.98153,0.00158040101,2.33987e-7,-22.44338839
719,8.12525065e-6,4.06615249e-6,5.955276e+7,29.56745,0.000470299015,,-106.8730823
720,5.43996184e-6,2.78745761e-6,1.12878e+8,30.19292,0.00055626966,8.6123e-8,-19.73753202
721,6.15056337e-6,4.14515331e-6,1.171185e+7,31.5643,0.00065773031,1.90333e-7,-29.6277163
722,2.96705986e-6,9.19142567e-6,1.565361e+8,29.28282,0.000671819454,,-100.3585885
723,1.54811493e-6,2.39179349e-6,2.089221e+7,32.03151,0.00125631378,1.46498e-7,-23.56796097
724,4.89026547e-6,1.71062912e-6,1.772069e+7,29.69676,0.00111235686,2.05846e-7,-14.60524253
725,9.97441412e-6,7.8490405e-6,2.167272e+7,30.66028,0.000303318128,,-108.8655516
726,5.14120606e-6,3.38199975e-6,5.630505e+7,28.58065,0.000344480233,,-109.5752147
727,4.69944197e-6,5.27402016e-6,5.893574e+7,25.4092,0.00145840891,1.42856e-7,-15.09484445
728,5.88268419e-7,9.83112687e-6,2.537109e+7,32.50274,0.00125698467,1.50982e-7,-2.798502438
729,3.40091529e-6,1.91913596e-6,2.483775e+7,30.18438,0.000412735169,,-112.1617241
730,6.04015829e-6,4.20798297e-6,5.874257e+7,29.75209,0.000643858685,1.17283e-7,-23.04285459
731,7.47192174e-6,8.01835827e-6,4.03468e+8,25.65784,0.000469290391,1.01037e-7,-11.03629052
732,1.72648196e-6,1.24619434e-6,4.037593e+7,28.52586,0.000795203792,9.6523e-8,-4.069155967
733,4.23221392e-6,7.98658949e-6,2.666334e+7,30.28748,0.00113195973,1.91212e-7,-6.001993691
734,8.85075477e-6,5.55603558e-6,3.207538e+7,31.2192,0.000578073027,1.30434e-7,-30.14475789
735,6.3081952e-6,8.62756618e-6,2.951194e+7,32.10228,0.000360422251,1.65327e-7,-27.35106122
736,3.19823754e-6,1.6819745e-6,9491603,31.96284,0.000853139471,2.00488e-7,-29.10883535
737,7.54570917e-6,7.90151786e-7,1.254711e+7,31.14279,0.000707228107,1.91238e-7,-31.70653089
738,9.12633002e-6,9.56625516e-6,7.096653e+7,28.22043,0.000753603053,,-103.111618
739,3.68744583e-6,1.46028946e-6,2.88534e+7,28.5541,0.000364714933,,-107.3797451
740,4.60508507e-6,1.84026335e-6,1.643971e+7,30.16162,0.00114988135,1.95542e-7,-13.93863702
741,7.71955949e-6,8.76279873e-6,5.705936e+7,30.45638,0.000681059995,1.26798e-7,-28.11118258
742,1.51506294e-6,5.98131e-7,8142237,31.58575,0.0017882743,2.58094e-7,-53.18620256
743,5.18652394e-6,8.21638729e-6,1.135816e+8,29.00528,0.00037908871,,-106.0472029
744,2.12228207e-6,9.1152285e-6,3.364656e+8,25.45578,0.00178979068,,-130.8892437
745,2.76966448e-6,1.03753686e-6,2.519252e+7,31.73269,0.000811230773,1.30449e-7,-21.86350837
746,3.74165244e-6,6.74650886e-7,1.171479e+8,26.72878,0.00100578678,9.7308e-8,-11.60226362
747,5.05245507e-6,9.63934537e-6,3.533708e+8,26.47198,0.00049249103,9.2287e-8,-2.874892441
748,3.3502876e-6,5.2803044e-7,2.754428e+7,31.94081,0.0010175013,1.43773e-7,-25.01338174
749,4.29256246e-6,8.00439371e-6,9.088393e+7,30.25275,0.000525479032,1.03533e-7,-17.59282705
750,6.43890447e-6,2.44615207e-7,2740085,30.26918,0.00181683532,8.32141e-7,-65.58273236
751,9.1117219e-6,2.12050343e-6,2.854387e+7,30.32727,0.000704906477,1.46956e-7,-28.11118258
752,3.94740464e-7,7.57068766e-6,1.321321e+7,33.65828,0.00140672556,2.87146e-7,-16.59890164
753,4.75113603e-6,2.76571435e-6,1.884132e+7,26.3939,0.00189143512,3.0102e-7,-42.05493562
754,6.05216223e-6,8.59754541e-6,1.129929e+8,29.16197,0.000764159087,,-103.7511119
755,3.72087126e-6,1.22204499e-6,2.535576e+7,32.41999,0.000743682137,1.31278e-7,-27.08471185
756,3.24011842e-6,3.6991614e-6,5.466786e+7,29.09225,0.000474658721,,-104.8953923
757,6.46216654e-7,8.16245047e-6,4.729634e+7,31.794,0.00125627324,1.58946e-7,-2.76295873
758,9.73318396e-6,5.30708582e-6,1.72115e+7,32.8618,0.000473356243,1.64724e-7,-26.28824414
759,7.85590983e-6,3.73970018e-6,1.669816e+7,29.71643,0.000347764565,,-105.6916319
760,4.65384851e-6,8.67549338e-6,1.457587e+8,23.52515,0.00783180162,,-202.9728209
761,8.98850815e-6,5.63625454e-6,4.777e+7,31.33645,0.000236818276,,-120.8029771
762,3.11738842e-7,8.87717068e-6,1.01124e+8,24.21193,0.00182845213,,-133.2755306
763,2.60791197e-6,2.8318165e-6,7.307888e+7,30.02922,0.00133554557,1.14275e-7,-19.97202745
764,7.31928405e-6,8.869729e-6,9.741844e+7,27.48427,0.000322461157,7.7208e-8,-12.32340972
765,3.20576854e-7,5.03346121e-6,2.116895e+7,29.49667,0.00236353091,1.34376e-7,-52.61012266
766,1.39700911e-6,7.88159682e-6,7.618998e+7,31.56237,0.000748881093,1.71479e-7,-0.5739436978
767,5.19826892e-6,4.0000056e-6,4.876315e+7,28.77644,0.00120181497,1.41926e-7,-11.7181317
768,6.11713179e-6,7.0494245e-6,4.209979e+7,28.17838,0.000858608912,,-100.9107848
769,6.24379223e-6,8.58180421e-6,2.311646e+7,32.26261,0.000259762241,,-114.3448186
770,8.40757897e-6,9.95720115e-6,9.909071e+7,29.13914,0.00127536163,,-104.1467966
771,1.62880077e-6,4.62375502e-6,2.816901e+8,24.81315,0.000670336355,9.3369e-8,-2.592843723
772,7.15989849e-6,3.19011373e-6,1.397983e+7,32.16932,0.000554097565,1.73073e-7,-34.78296634
773,6.16806298e-6,7.0106245e-6,7.748118e+7,29.52794,0.000920269481,,-102.4578861
774,2.41574163e-6,7.16723476e-6,8.075407e+7,31.26807,0.000665796667,,-100
775,6.52623836e-6,6.91005771e-6,3.216741e+8,27.22074,0.0011220715,,-101.3895406
776,7.94608216e-6,4.66665864e-6,1.348283e+7,32.98844,0.00052476979,1.66611e-7,-31.48203703
777,5.2937538e-6,5.43991486e-6,6.058541e+7,29.69648,0.000326422846,,-107.9138919
778,5.64820987e-6,7.37890461e-6,2.702676e+7,31.46145,0.00078513688,1.36117e-7,-25.01338174
779,9.96574903e-6,3.91319786e-6,1.19836e+8,27.75364,0.000717196855,9.9119e-8,-4.455232085
780,8.74885323e-6,7.06184023e-6,8.796812e+7,28.24632,0.000740231073,1.05538e-7,-21.67979466
781,7.38790341e-6,9.26200832e-7,6461460,31.30798,0.000824068439,2.99676e-7,-34.05717982
782,1.99432733e-6,6.02454488e-6,2.943028e+7,33.15049,0.000714373136,2.43488e-7,-9.721823984
783,1.55963871e-6,2.96175925e-6,2.604668e+7,31.61511,0.000736831325,1.01165e-7,-5.549847011
784,4.62761939e-6,2.64288453e-6,9622328,31.07724,0.000966384896,2.31162e-7,-24.35957636
785,8.19496459e-7,7.70411227e-6,4.842907e+7,31.53819,0.000859842826,,-100
786,2.64519153e-6,2.74681052e-6,4.306203e+7,30.8802,0.00069655021,1.1343e-7,-13.25487884
787,7.21024411e-6,5.12936414e-6,2.221683e+7,30.3961,0.000278566028,,-119.737532
788,8.69318519e-6,6.4449774e-7,1.614121e+7,31.09666,0.00058827751,1.77618e-7,-30.01213846
789,1.2038119e-6,4.3280721e-7,8308844,32.47049,0.00169809525,2.39e-7,-50.16674768
790,3.62346084e-6,2.15981807e-6,2.018654e+8,28.21272,0.000744524118,9.0649e-8,-3.115472709
791,4.85763726e-6,6.79492287e-6,1.351253e+8,27.85293,0.00154599593,,-118.1542102
792,8.33802378e-6,1.18433824e-6,2.369094e+7,30.76474,0.000316210103,,-108.8655516
793,5.44840764e-6,5.67794553e-6,4.195252e+7,31.09749,0.000395676789,1.00016e-7,-11.06561105
794,1.7767056e-6,6.94987336e-6,3.591533e+7,32.409,0.000758455858,1.2831e-7,-7.762132051
795,8.14719762e-6,8.98120934e-6,6.754486e+7,29.03014,0.000330234204,,-109.3504778
796,7.70330301e-6,7.1269805e-6,1.804572e+7,32.05187,0.000442864127,1.62645e-7,-32.28352368
797,8.31901933e-6,4.0775191e-6,1.425751e+7,32.28569,0.000408282012,1.7709e-7,-33.998421
798,5.50791181e-6,6.65724732e-7,2.065742e+7,29.98804,0.000511475419,,-103.3380793
799,8.18130802e-6,7.44903344e-6,3.360927e+7,29.83426,0.000389136599,1.19891e-7,-21.94637835
800,6.83850549e-6,6.53112025e-6,1.358775e+8,26.39639,0.000829903716,9.8757e-8,-1.80161004
801,9.00368829e-6,7.7958482e-6,2.814514e+8,28.72166,0.000361919888,9.2937e-8,-11.70477235
802,4.63197316e-6,5.84761329e-6,2.269185e+7,32.12884,0.000839409865,1.72906e-7,-14.9901096
803,1.38260089e-6,8.56354559e-6,2.178885e+7,31.32848,0.000927667901,1.33374e-7,-8.865551578
804,6.45852581e-6,1.37668593e-6,1.665102e+7,28.9066,0.00110157824,2.06302e-7,-17.2061996
805,8.24481558e-7,6.45584714e-6,4.77304e+7,31.36899,0.00109763237,1.19665e-7,-1.111065389
806,9.152163e-7,2.16635177e-6,2.638479e+7,30.4417,0.00249005231,1.24106e-7,-67.86295883
807,7.80446345e-6,4.85203819e-6,4.15586e+7,30.96384,0.000457491798,1.22019e-7,-27.08471185
808,4.10685189e-6,1.87653062e-6,7.833959e+7,30.11945,0.000627949771,,-100
809,3.1382507e-6,5.82024513e-7,1.620883e+7,23.18182,0.00362589319,2.2792e-7,-99.4092053
810,2.8499858e-6,8.3009045e-6,5.514953e+8,26.01066,0.00045424239,7.7556e-8,-1.994405502
811,5.248186e-6,3.78424288e-6,3.313082e+7,32.36856,0.000386336666,,-119.737532
812,2.43548854e-7,2.93126569e-6,1.793204e+7,32.9355,0.00216351338,3.39026e-7,-53.65241729
813,3.46614797e-6,4.96521177e-6,3.105656e+7,31.66141,0.00045496817,1.21705e-7,-27.08471185
814,3.93051741e-6,6.38591911e-6,4.40233e+7,31.41995,0.000942658089,1.3211e-7,-8.865551578
815,3.30263277e-6,7.83613335e-6,1.267299e+8,27.04477,0.00101188907,1.19445e-7,-1.477507471
816,1.67131935e-6,9.78347741e-6,3.016195e+7,28.89181,0.00086924379,1.01975e-7,-3.886188643
817,2.57944227e-6,1.65090837e-6,3.454326e+7,32.21877,0.00103636257,1.39585e-7,-14.34481856
818,8.22307071e-6,6.70465022e-6,2.01842e+7,31.6644,0.000641506581,1.89475e-7,-16.90493282
819,7.79714366e-7,5.23767353e-6,5.914334e+7,31.67003,0.0010610362,1.64929e-7,-0.246449501
820,4.3122877e-6,5.45279431e-6,6.212382e+7,31.48844,0.000464742046,1.18305e-7,-13.25487884
821,9.37387894e-6,7.75622622e-6,2.378891e+7,30.48833,0.000216403403,,-117.592827
822,3.64019645e-6,6.96844587e-6,6.805995e+7,28.52289,0.0010525171,,-100.7385416
823,5.42374739e-6,4.18314025e-6,3.540541e+7,30.8483,0.000866350218,1.42395e-7,-22.91889965
824,3.73294974e-6,7.97468299e-6,4.398245e+7,25.50931,0.000581990172,1.23794e-7,-12.2117672
825,2.43803588e-6,2.61423102e-7,2.046038e+7,32.86379,0.000881483303,1.38558e-7,-23.96892961
826,2.5144918e-6,1.86140215e-6,1.399903e+7,31.38399,0.00145018482,2.48185e-7,-24.56369651
827,6.04484907e-6,3.33084804e-6,4.524465e+7,30.77802,0.000640094232,1.1635e-7,-29.13126125
828,1.75819066e-6,6.06782333e-6,9.760157e+7,28.97437,0.000604155551,,-100.5128105
829,1.55258902e-6,4.25229844e-6,7.12546e+7,27.14061,0.000991578592,1.05952e-7,-1.429597597
830,6.24703179e-6,4.43530423e-6,3.474872e+7,29.91034,0.0005889828,,-101.1558954
831,4.988271e-6,3.41513725e-6,1.330156e+8,28.95203,0.000456261496,,-101.6350456
832,7.62629069e-6,9.90754072e-6,3.307657e+7,28.94597,0.000214748906,,-110.4938096
833,1.43480169e-6,7.72014359e-6,5.836932e+7,28.25066,0.00432428539,,-192.4432659
834,1.4152799e-6,9.23739972e-6,4.265609e+7,29.54719,0.00142354328,1.05516e-7,-22.37348286
835,3.16719567e-6,7.67518016e-7,7925919,32.50627,0.000868916517,2.34425e-7,-32.8507945
836,6.55961327e-6,4.94721522e-6,9.248925e+7,27.95139,0.000491559222,9.5099e-8,-6.574116189
837,4.86813724e-6,2.58607343e-6,6375589,32.14778,0.000815248085,2.62475e-7,-35.26402883
838,8.96421827e-6,7.13320855e-6,1.707624e+8,27.4468,0.00179394935,,-130.0848463
839,2.10924032e-6,4.82276846e-6,2.834912e+7,33.23828,0.000651836556,2.60702e-7,-11.68765693
840,3.67811264e-6,7.59576059e-7,7333507,32.85544,0.000760835255,2.43459e-7,-32.28171207
841,1.08550707e-6,9.33681313e-6,3.895883e+7,32.0777,0.00080942775,,-101.1110654
842,2.24081826e-6,2.38841191e-6,5.200693e+7,29.25829,0.00165806971,1.30099e-7,-33.90022453
843,2.08838232e-6,6.92240504e-6,3.752795e+7,30.52909,0.00147977817,1.45016e-7,-27.10420882
844,8.10624253e-6,2.18804764e-6,1.761986e+8,27.72534,0.000682941195,,-101.137281
845,1.71626574e-6,1.73481456e-6,1.45867e+7,32.68386,0.00141896368,1.76989e-7,-34.6235712
846,6.51435435e-6,3.60052219e-6,6.83751e+7,27.18038,0.000284768553,,-109.1718487
847,4.21174702e-6,3.39721719e-7,1.048464e+7,32.29848,0.000732651405,1.9443e-7,-32.87281819
848,9.59562175e-6,5.38801761e-6,6.069858e+7,29.40794,0.000290601681,,-110.2628286
849,3.7489343e-6,5.17564946e-6,1.969439e+8,23.34248,0.00542816649,8.5426e-8,-100.4507768
850,5.74210714e-6,2.95754245e-6,1.40745e+7,32.18733,0.000618315484,1.8046e-7,-28.10767617
851,3.81616389e-6,6.87159044e-6,1.837996e+8,24.1359,0.000568106808,,-104.0422755
852,6.14467831e-6,8.69813886e-6,8.119464e+7,29.97838,0.000606309853,,-101.1218754
853,5.09468908e-6,7.86543318e-6,5.564015e+7,28.13978,0.000319984203,,-108.6922152
854,5.91672122e-6,2.35964966e-6,6.15323e+7,26.87978,0.00116252755,1.76875e-7,-2.403713416
855,2.15181541e-6,3.01109681e-6,4.54557e+7,28.67736,0.000579156841,,-103.9934097
856,6.01270747e-6,1.9335998e-6,1.496169e+7,30.75499,0.000831363243,1.87032e-7,-24.27041736
857,5.86169071e-6,3.00528941e-6,4.610109e+7,29.28182,0.000328371932,,-111.4246995
858,5.41844977e-6,7.28023622e-6,2.834718e+7,30.15973,0.000306543869,,-109.9667995
859,9.62008532e-6,7.20316699e-6,2.336198e+8,27.66704,0.00121537314,,-101.8850716
860,1.63461938e-6,3.26802079e-6,1.693463e+7,31.78959,0.0016166084,1.64717e-7,-43.64112979
861,4.73296695e-6,8.74510201e-6,4.861817e+7,30.90575,0.00030115772,,-109.9667995
862,9.70229592e-6,6.03833566e-6,8.043075e+7,28.63537,0.000232348331,,-111.7479155
863,2.23533821e-6,4.91512661e-6,2.445979e+8,27.24464,0.000721460733,8.822e-8,-12.4432039
864,7.54995487e-6,7.80066822e-6,1.972905e+8,28.34925,0.000438295343,8.7703e-8,-15.17017482
865,9.60200089e-6,7.36441884e-6,4.600341e+7,28.68104,0.000833095635,1.30501e-7,-10.6262699
866,2.85769183e-6,2.84300003e-6,1.572128e+8,22.54959,0.00112725111,1.04511e-7,-9.273329792
867,6.74450119e-6,6.25041758e-6,6.218523e+7,30.90829,0.000293394891,,-119.737532
868,8.60115778e-6,2.11471741e-6,1.096754e+7,30.09904,0.00101581157,2.36638e-7,-26.74892524
869,9.66980465e-6,1.08701097e-6,9375236,32.75607,0.00044391894,2.24471e-7,-30.30714576
870,8.4392902e-6,8.54569244e-6,4.817393e+7,29.68044,0.000340246347,1.51405e-7,-23.07867952
871,4.1800971e-6,8.97653122e-7,1.149115e+8,22.84466,0.00166884977,,-126.5510842
872,8.69945468e-6,6.74965583e-6,1.553467e+7,32.46675,0.000505468239,1.58251e-7,-31.15148823
873,2.87705091e-6,8.42426988e-7,1.142809e+7,31.08573,0.00101903338,2.09661e-7,-20.07536686
874,2.39660147e-6,5.46217983e-6,3.887062e+7,31.08634,0.00142696129,1.2678e-7,-26.68152613
875,8.01560867e-6,7.93434742e-6,6.86708e+7,28.03519,0.000278660906,,-108.7445054
876,2.40567229e-6,7.35274046e-6,2.557211e+8,28.97167,0.000569221708,8.2657e-8,-0.5141604691
877,4.43693338e-6,3.6710403e-6,4.77735e+7,30.87218,0.000458274218,1.09278e-7,-13.25487884
878,5.54410538e-6,8.72010253e-6,1.083099e+8,27.62276,0.000784677866,,-101.188564
879,2.11768344e-6,5.78685568e-6,4.464266e+7,25.92289,0.00158422017,1.76639e-7,-21.80010999
880,2.71627638e-6,2.7201189e-6,1.857724e+7,33.4279,0.000779327657,1.66056e-7,-21.1057762
881,1.16770806e-6,7.25095138e-6,3.8268e+7,32.85289,0.000881307877,2.2896e-7,-3.446634241
882,9.39299944e-6,2.0106893e-7,2385856,30.73836,0.00169768907,9.02576e-7,-74.19278551
883,6.20308572e-6,6.53547633e-6,3.610314e+7,30.73411,0.000769507749,1.36166e-7,-19.73753202
884,7.30752526e-6,3.56432734e-6,6.864699e+7,30.90461,0.000312778902,,-115.4312895
885,5.65809914e-6,7.90860057e-6,4.113882e+8,25.6875,0.00255039882,,-160.962181
886,2.72699283e-6,8.94590759e-6,8.080116e+7,28.49266,0.000440611656,,-106.3035027
887,7.19417046e-6,8.00155376e-6,7.671882e+8,23.82547,0.00279550029,7.6557e-8,-69.33594864
888,8.62485105e-6,6.30926166e-6,1.743454e+7,31.60507,0.000341338295,,-107.7621321
889,1.01274654e-6,1.44987787e-6,3.967628e+7,28.83721,0.00232558601,1.34065e-7,-53.7709214
890,9.26967009e-6,4.69179315e-6,2.829389e+7,30.43698,0.000704496328,1.37973e-7,-27.08471185
891,2.88944582e-6,2.41784497e-6,9.112745e+7,27.83077,0.00133815253,1.02472e-7,-23.36275866
892,9.20407831e-7,5.08109312e-6,1.891551e+7,29.82209,0.000610998259,,-103.4210543
893,9.92347814e-6,7.1039639e-6,1.926741e+7,32.46013,0.000472855852,1.6773e-7,-32.53777183
894,3.37251063e-6,5.10644602e-6,1.923709e+7,33.1453,0.000818342957,1.50766e-7,-29.13126125
895,3.27921378e-6,1.01333855e-6,1.840718e+7,30.88265,0.00118279965,2.01142e-7,-10.92236146
896,4.05071236e-6,1.81330423e-6,9.805116e+7,25.83044,0.00102111553,1.2889e-7,-2.084478016
897,8.94080697e-6,4.79707343e-6,1.178295e+7,32.14914,0.000460515212,1.73879e-7,-34.82326451
898,2.33436177e-6,6.13639821e-6,1.206711e+8,29.1611,0.000671701127,7.2054e-8,-2.641304037
899,5.10965814e-6,7.59973428e-6,4.043231e+7,31.70011,0.000695108901,1.40308e-7,-18.66740367
900,2.73316585e-6,1.78441251e-6,1.690556e+7,30.07156,0.00166880201,2.0541e-7,-36.30839873
901,9.9897355e-6,1.50501961e-6,1.485901e+8,24.89451,0.000667016731,1.3651e-7,-2.552190645
902,4.87624906e-6,8.92879805e-6,6.200043e+7,28.20891,0.000470920868,1.11476e-7,-9.761072638
903,3.71422045e-6,8.51413496e-6,1.066142e+8,28.14399,0.00211627208,,-143.7435346
904,5.28708065e-6,2.29521694e-6,9.459733e+7,26.82867,0.00114281488,1.17512e-7,-15.93035068
905,8.09865657e-6,9.93965231e-6,1.239654e+8,24.69086,0.00730644487,,-202.2088019
906,3.88113966e-6,9.28531692e-6,3.410366e+7,31.7467,0.000420460375,1.53997e-7,-12.16172407
907,7.65399584e-6,9.4758862e-6,1.920432e+7,31.47737,0.0002339753,,-115.4312895
908,8.16729047e-6,4.78786841e-7,8157055,31.55637,0.000668234524,2.4728e-7,-34.50598966
909,1.42847362e-6,2.52360939e-6,2.159592e+7,32.53585,0.00147100827,1.37003e-7,-32.08639076
910,8.77496094e-6,7.29549362e-6,5.558406e+7,30.73695,0.000279939635,,-129.1312612
911,4.13388898e-6,4.60826689e-6,1.680171e+8,26.86309,0.000886589218,9.9149e-8,-13.73005046
912,4.83613015e-6,2.13169737e-7,7059776,28.97818,0.00173795174,3.35416e-7,-49.8247087
913,1.7016759e-6,7.08734965e-7,1.16581e+8,25.43005,0.00252443554,,-160.235122
914,1.65706036e-6,1.01533889e-6,7.563466e+7,27.86976,0.00147689788,9.9638e-8,-19.21464991
915,6.49421935e-6,9.25719074e-6,4.364299e+7,29.46347,0.000337262721,,-109.1338159
916,9.33709361e-6,6.95678184e-6,6.035372e+7,29.91584,0.000281157204,,-108.9076316
917,5.62564298e-6,7.92086215e-6,9.357663e+7,28.20201,0.0003787687,,-108.6611028
918,8.92654447e-6,2.43731413e-6,4.114428e+7,29.78706,0.000374949767,,-107.868602
919,1.81038262e-6,9.25915627e-6,1.779225e+8,26.2352,0.00099558656,,-101.8821777
920,3.81926897e-6,9.75415699e-6,5.873109e+7,28.67006,0.000537310243,9.8459e-8,-11.73057125
921,5.71556391e-6,6.21298461e-6,9.825972e+7,28.31424,0.000513013763,,-104.1749594
922,4.73912173e-6,9.09731795e-6,2.063889e+7,30.4275,0.000949727108,1.665e-7,-18.99240252
923,7.67154417e-6,3.50106542e-6,3.729146e+7,30.74409,0.000705736371,1.70327e-7,-6.066192422
924,5.8103998e-6,1.00183684e-6,4.308421e+7,27.64994,0.00112205092,1.85192e-7,-2.434509313
925,8.55525965e-6,6.12070234e-6,7.071429e+7,29.24387,0.000547802,,-104.8195836
926,2.00314145e-6,3.97332928e-6,7677828,32.85519,0.00145150602,3.15018e-7,-33.45050385
927,2.46269916e-6,8.50409216e-6,4.676064e+7,31.40852,0.000479076643,,-104.4415204
928,6.17770735e-6,8.4052198e-6,4.527603e+8,24.60688,0.00255356315,,-161.6055777
929,6.18082619e-6,9.66629403e-6,1.479877e+7,32.84939,0.000579174449,1.62762e-7,-34.26742556
930,9.14568419e-6,5.45495103e-6,3.020384e+7,32.27054,0.000444460888,1.44926e-7,-20.80297713
931,9.33738304e-6,3.53002856e-6,1.976981e+7,31.81189,0.000347807542,1.61819e-7,-26.14299456
932,9.55325933e-6,1.55096397e-6,4.918299e+7,28.72934,0.000814717194,1.28965e-7,-23.55422111
933,4.50984649e-6,8.37667638e-6,5.746046e+7,31.54221,0.000618048558,1.39103e-7,-8.865551578
934,5.637508e-6,2.05081499e-6,8512278,31.34855,0.000804845724,2.39634e-7,-32.09077973
935,2.91780826e-6,9.82348383e-6,4.977372e+7,31.77865,0.000420527525,,-105.549847
936,1.9016045e-7,2.30881382e-6,2.061985e+7,27.99682,0.00352518065,1.22793e-7,-83.17355013
937,7.9547372e-6,5.35718468e-6,2.425773e+8,27.30041,0.000525632405,8.4349e-8,-16.78100254
938,6.57817727e-7,6.23507443e-6,2.139685e+7,28.57053,0.000925064308,,-100.7147228
939,5.00672673e-6,8.14863346e-6,1.392767e+8,27.63105,0.000529029929,,-104.5165189
940,8.54473803e-6,7.82729189e-6,3.734122e+7,31.23068,0.000426342045,1.37971e-7,-31.15148823
941,6.33340004e-6,3.20664523e-6,1.504392e+8,25.67302,0.00291843608,,-171.7228109
942,3.97895791e-6,5.12364749e-7,2.181034e+7,32.66246,0.000588208837,1.1636e-7,-26.05204458
943,4.07009366e-6,1.84953905e-7,1.240316e+7,29.40666,0.00170809448,2.3284e-7,-44.19337028
944,4.90062184e-6,8.71439661e-6,5.034217e+7,30.26521,0.000799624955,1.24132e-7,-26.05204458
945,7.77234765e-6,7.61918002e-6,5.107278e+8,26.33215,0.000352965808,6.6475e-8,-7.383566438
946,5.2693527e-6,2.53991846e-6,9683363,31.58185,0.000854721178,2.47311e-7,-24.10031084
947,5.21938548e-6,2.60373846e-6,1.552827e+7,30.98424,0.000826385313,1.66062e-7,-26.35514366
948,9.75237619e-6,9.71537847e-6,5.665502e+7,29.1579,0.000376872734,,-109.2865991
949,5.95087826e-6,9.73408434e-6,2.947387e+7,32.01368,0.000548939409,1.3631e-7,-33.1439418
950,9.40579425e-6,8.10793436e-6,2.279407e+7,31.51011,0.000258632069,,-122.9188997
951,1.30992766e-6,3.32341105e-6,5.352368e+7,30.14813,0.00075782567,,-100
952,1.06470354e-6,4.19871905e-6,4.036541e+7,28.31763,0.00118386539,,-100.8411652
953,4.58709927e-6,5.65475223e-6,1.751524e+8,23.53875,0.000724245225,,-103.2295015
954,4.75147755e-6,5.19273787e-6,1.206563e+7,32.31789,0.000705115172,1.90432e-7,-29.63266516
955,6.08441682e-6,7.14744222e-6,4.937116e+7,31.95395,0.000456319347,1.61293e-7,-17.65747704
956,4.97430901e-6,7.7262962e-6,4.501095e+7,30.64643,0.00035334654,,-108.8655516
957,1.146917e-6,8.79176302e-6,5.039471e+7,31.20879,0.00136028778,1.32975e-7,-7.947591926
958,4.42256275e-7,1.42042857e-6,3.038277e+7,29.565,0.00307780318,1.91711e-7,-75.25161702
959,7.10521145e-6,4.43123977e-6,2.817278e+7,30.54224,0.000451372524,,-105.549847
960,7.6168135e-6,9.32859752e-6,3.194455e+8,26.63023,0.000691944944,,-101.6847256
961,8.76630764e-6,5.11046676e-6,1.761803e+7,31.87009,0.000452723409,1.60578e-7,-33.1728418
962,9.01911348e-6,6.64649433e-6,1.111919e+8,28.61397,0.000442458705,,-104.0251032
963,5.82229493e-7,6.30266385e-6,4.578632e+7,29.27235,0.00171725459,9.7598e-8,-25.61813282
964,5.84692833e-6,3.33584225e-6,3.39114e+7,27.99572,0.00140479983,1.38927e-7,-21.12377385
965,1.20725243e-6,3.82918938e-6,1.72617e+7,32.82193,0.00145659125,1.82863e-7,-22.71909523
966,6.02410313e-6,7.94547466e-6,3.310846e+7,30.39735,0.000711738488,,-101.1110654
967,5.02200663e-6,1.04457201e-6,2.732098e+7,31.24354,0.000687436053,1.35581e-7,-29.13126125
968,3.95147557e-6,6.57217324e-7,7470641,30.4196,0.00121130286,2.77734e-7,-26.13257986
969,7.87388429e-6,7.51246944e-7,1.348708e+7,30.1464,0.000890450136,2.50187e-7,-15.57190706
970,2.16780761e-6,8.31705934e-6,1.135326e+8,29.98483,0.000868834933,1.81215e-7,-1.068295217
971,2.61414264e-6,5.42058842e-7,1.526076e+7,30.84885,0.00129097519,1.82323e-7,-29.58076025
972,4.40616831e-6,6.46819209e-6,1.124033e+8,28.14676,0.000922461221,1.27099e-7,-0.9265934803
973,4.38456675e-7,2.7567622e-7,6748915,32.92586,0.00426747602,3.31249e-7,-107.4014254
974,2.29234414e-6,3.13667197e-6,3.458985e+7,32.16996,0.000985965969,1.28105e-7,-19.73753202
975,9.06888321e-6,4.51460087e-6,9377911,31.6763,0.000225986579,,-101.1110654
976,5.04399995e-6,7.1918555e-6,5.704409e+7,28.89014,0.000522948479,,-104.9964447
977,2.02849777e-6,5.93992514e-6,8.168742e+7,27.20169,0.00132787662,1.85509e-7,-9.009778919
978,3.18017235e-6,8.38810942e-6,9.216742e+7,26.14106,0.00194055451,,-137.3089172
979,8.93171316e-6,3.0843962e-6,1.704229e+8,22.03063,0.00459247652,,-197.4699956
980,4.40249977e-6,1.98441703e-6,1.435202e+8,28.2584,0.000793580726,8.7995e-8,-14.12565683
981,1.50301993e-6,5.32056007e-6,7.556406e+7,28.3238,0.00117003906,,-100.8380804
982,4.47819547e-6,2.22742993e-6,2.502347e+7,32.20992,0.000792100225,1.46526e-7,-28.11118258
983,8.39309313e-6,9.2035379e-6,4.917818e+7,30.15423,0.000668850019,1.12938e-7,-29.13126125
984,3.16185337e-6,6.54553829e-6,1.162228e+8,30.04668,0.000852208167,1.04552e-7,-8.865551578
985,3.54224083e-6,4.7398843e-6,5.129682e+7,31.02025,0.000924098117,1.13915e-7,-27.08471185
986,2.99552542e-6,9.94186519e-6,4.445725e+7,26.61873,0.000414601159,,-106.1319943
987,4.36533143e-6,9.46425082e-6,3.200065e+7,30.50875,0.00028757215,,-109.9667995
988,3.38852429e-6,4.95244668e-6,3.542867e+8,25.60468,0.000862540055,8.7516e-8,-2.197306266
989,7.44190259e-6,7.0575109e-6,3.071884e+7,29.92428,0.000237486197,,-113.2927388
990,2.74724385e-6,3.30729604e-6,3.161121e+7,31.60351,0.00100690733,1.35531e-7,-23.96892961
991,6.53127227e-6,5.99667661e-6,1.126115e+8,27.71619,0.00192086791,,-135.6574411
992,8.60048477e-6,8.89026488e-6,1.065825e+8,28.94174,0.000410000023,,-106.0789721
993,8.16043861e-6,9.36653715e-6,3.921587e+7,30.10126,0.000278591211,,-113.2548788
994,5.50462349e-6,3.0420134e-6,1.900699e+7,30.30105,0.000428594631,,-100
995,1.65189351e-6,8.49167049e-6,2.684516e+7,31.56057,0.000746176203,,-101.1110654
996,5.3845568e-6,9.26351127e-6,5.281964e+7,29.69233,0.000371075021,,-105.7036819
997,8.39844048e-6,7.7538814e-6,3.119715e+7,30.24116,0.000280452061,,-113.2548788
998,6.66860574e-6,3.86408064e-6,3.22082e+7,32.50424,0.000403882415,1.21174e-7,-23.96892961
999,1.12284267e-6,7.21176574e-6,9.396465e+7,27.2891,0.000779654956,,-101.355367
1000,5.65009706e-6,5.85652944e-6,5.045065e+7,31.48292,0.000673154129,1.75946e-7,-8.559415157
1001,4.89443636e-6,5.32120436e-6,4.563292e+7,30.76895,0.000714577727,1.27974e-7,-27.08471185
1002,9.45812537e-6,8.16999044e-6,5.274408e+7,28.94603,0.000242434383,,-111.5925912
1003,6.00460512e-6,6.80703971e-6,1.224412e+8,28.64202,0.000846834717,,-101.790045
1004,1.71084004e-6,2.0457139e-6,9227929,32.2688,0.00119818913,2.06491e-7,-24.18763977
1005,4.64169331e-6,5.47010861e-6,1.237496e+8,28.41806,0.00124237794,,-102.8595553
1006,3.99730321e-6,1.66733095e-6,3.275105e+7,29.62236,0.000451125399,,-110.1556192
1007,9.14050381e-6,5.26342663e-6,3.666414e+7,30.5629,0.000451549449,,-106.6568077
1008,6.38419252e-6,3.51477414e-6,2.959671e+7,32.84242,0.000399326461,1.24619e-7,-19.73753202
1009,6.57696765e-6,3.12300299e-6,1.471855e+7,32.21519,0.000544172096,1.78524e-7,-35.05549917
1010,8.53796365e-6,1.92668519e-6,3.731777e+7,30.2236,0.000598759146,1.2902e-7,-28.11118258
1011,3.21565342e-6,9.53967923e-6,1.513883e+8,27.31476,0.00273089277,,-165.7406644
1012,8.33319003e-6,4.15536499e-6,6881456,32.53536,0.000562132222,2.72737e-7,-32.71559924
1013,5.24554923e-6,3.31205122e-6,5.863542e+7,29.06947,0.000459459535,,-107.1220693
1014,3.76982593e-6,4.6686805e-6,3.208498e+7,29.97688,0.00064772454,,-102.2334165
1015,4.2191107e-6,3.27719663e-6,5.053701e+7,31.49045,0.000491010645,9.428e-8,-13.25487884
1016,4.50456985e-6,8.74248533e-6,1.367157e+8,28.20948,0.0013387952,,-107.7741153
1017,3.78746653e-6,4.26217926e-6,8.225792e+7,25.43912,0.00113471495,1.55501e-7,-2.280044775
1018,3.6192314e-6,6.50985803e-6,2.976844e+7,32.51702,0.000650581007,1.35565e-7,-21.86350837
1019,2.67355427e-6,4.11166671e-6,2.390373e+7,32.74717,0.000498020132,,-115.4312895
1020,9.69592987e-6,7.32470084e-6,2.720063e+7,29.33501,0.000204803219,,-112.4942178
1021,8.02593308e-6,5.15649386e-6,1.128825e+8,30.07412,0.000395340939,9.7424e-8,-18.66740367
1022,2.89645501e-6,1.30973076e-6,5.718452e+7,29.18569,0.00105315618,1.17709e-7,-17.9999798
1023,5.15500607e-6,3.74145267e-6,1.549712e+7,33.43004,0.000527968977,1.83083e-7,-21.95707589
1024,2.81635588e-6,2.21508804e-6,2.182543e+7,33.20261,0.000596754271,1.3688e-7,-19.73753202
1025,3.67415146e-6,6.04625708e-6,1.884963e+8,26.80935,0.00100690565,,-101.5951897
1026,6.02087812e-6,6.02490723e-7,4118735,31.8026,0.000818900484,4.14358e-7,-39.73448404
1027,1.77464693e-6,1.25607489e-6,5.93599e+7,26.13795,0.00153760461,1.18674e-7,-29.66949766
1028,4.51186401e-6,6.24137909e-6,8.156025e+7,30.03014,0.000870493338,9.7384e-8,-25.01338174
1029,3.26945961e-6,8.93838512e-6,3.041859e+7,29.47239,0.000640123275,1.27799e-7,-17.85663143
1030,8.06735502e-6,6.42439397e-6,1.760299e+7,33.01156,0.000464465297,1.87696e-7,-20.05211516
1031,1.40639404e-6,4.23317395e-6,2.379979e+7,32.40058,0.00129055108,1.45684e-7,-22.06739105
1032,5.11642895e-6,3.22493937e-7,3274233,31.17205,0.00154286389,6.11392e-7,-59.92564848
1033,1.2124782e-6,8.20954052e-6,2.278943e+7,32.28107,0.000826076803,1.09916e-7,-5.549847011
1034,4.9989963e-6,2.06000758e-7,7671408,30.81372,0.00115556151,2.9996e-7,-26.72413082
1035,9.83698972e-7,2.45292279e-6,4.343554e+7,32.00656,0.000922713247,1.71969e-7,-0.5984428558
1036,8.6427712e-6,8.66163029e-6,8.74179e+7,31.00262,0.000450737537,1.01196e-7,-22.91889965
1037,6.12638099e-6,3.10688234e-7,5238858,29.39116,0.0020455159,5.46444e-7,-67.03491843
1038,4.05644986e-7,1.50980901e-6,3.593908e+7,31.49252,0.00131437262,,-105.6625672
1039,8.48806209e-7,2.64713499e-6,2.457721e+7,31.90548,0.00197535357,2.07158e-7,-39.24984392
1040,3.96302667e-6,6.90230721e-6,3.757741e+7,31.39537,0.000521514489,1.01233e-7,-23.96892961
1041,9.21779611e-6,9.96417737e-6,2.664603e+7,31.55509,0.000259064028,,-118.6674037
1042,9.04684769e-6,4.30172707e-6,5.661009e+7,29.52387,0.000450737018,,-105.7879116
1043,7.2830543e-6,7.35954324e-6,7.257582e+7,28.04228,0.000263726534,,-107.6356364
1044,3.39241208e-6,3.8058757e-6,3.32194e+7,32.12642,0.000831493534,1.16137e-7,-27.08471185
1045,1.53133644e-6,9.33940336e-6,8.697484e+7,27.92899,0.000702497368,1.01487e-7,-1.03546799
1046,7.51805241e-6,5.05693541e-6,8.178916e+7,29.24118,0.000988769832,,-101.4904736
1047,4.93083547e-6,1.64530676e-6,3.063094e+7,29.53036,0.000541909378,,-103.5669189
1048,5.69777537e-6,8.95658293e-6,3.324967e+7,29.21244,0.00112913589,1.38708e-7,-19.06118163
1049,9.8058096e-6,3.57620092e-6,5.552006e+7,26.3911,0.000999143615,1.55074e-7,-1.80425418
1050,3.01679062e-6,8.1280369e-6,3.490974e+7,31.06015,0.000372916847,,-108.8655516
1051,7.75720457e-6,9.57950516e-6,1.220842e+7,32.60689,0.00046176451,1.71687e-7,-35.69160795
1052,4.72444701e-6,8.65026337e-6,2.570525e+7,32.73627,0.00069656015,1.44347e-7,-22.91889965
1053,9.21122829e-6,7.48963177e-6,5.041123e+7,29.56899,0.000306637256,,-109.0810562
1054,7.77883072e-6,5.14225169e-6,2.439336e+7,29.20861,0.000500114468,,-107.0525006
1055,2.0208861e-6,3.08850911e-6,2.536236e+7,31.54758,0.00114853079,1.45138e-7,-22.91889965
1056,4.96766363e-6,2.87980149e-7,1.464534e+7,31.7118,0.000880709143,1.99903e-7,-23.85839368
1057,8.65554153e-6,6.94520675e-6,4.646586e+7,30.81785,0.000631185352,1.21488e-7,-22.91889965
1058,9.01444578e-6,6.19149972e-6,3.570855e+7,29.75325,0.00025392645,,-112.285099
1059,6.50897774e-6,1.05201454e-6,1.863571e+7,28.24265,0.00147938634,2.13365e-7,-28.44199411
1060,9.71559778e-6,6.10572174e-6,2.230869e+8,28.33706,0.000722837282,,-104.1635502
1061,6.98518458e-6,3.76341373e-6,2.243735e+8,27.50719,0.00112817557,,-101.2463405
1062,4.40841504e-6,4.63993059e-6,6.054242e+7,31.63688,0.000547249556,9.5637e-8,-17.59282705
1063,1.28018825e-6,8.54214354e-7,2.695862e+7,23.11387,0.0129981051,,-203.4401998
1064,4.17457626e-6,9.83532218e-6,1.414985e+8,28.56161,0.000459711471,9.6257e-8,-9.584734178
1065,1.74711501e-6,7.37565401e-6,9.830458e+7,30.06579,0.000830071166,,-100
1066,3.01807618e-6,1.4165023e-6,2.875259e+8,25.28998,0.000753924847,8.856e-8,-13.42018578
1067,2.88384667e-6,8.97455952e-6,5.165982e+7,29.28587,0.00136880727,1.51392e-7,-8.727793269
1068,2.59442117e-6,2.86636447e-6,1.515006e+8,23.63848,0.00121860349,1.04512e-7,-4.059839593
1069,9.30633289e-6,4.89468365e-6,4.22355e+7,29.90032,0.000419727914,,-105.599687
1070,7.59589692e-6,9.59365155e-6,2.323767e+8,27.05903,0.000609222151,9.3723e-8,-16.90166853
1071,7.70712259e-6,5.71380143e-6,4.534171e+7,30.27331,0.000751065706,1.39506e-7,-15.43128951
1072,1.01638165e-6,1.56444929e-6,2.013471e+7,29.27573,0.000806573482,,-100.3621334
1073,4.08615922e-6,4.35426303e-6,6.318833e+7,31.10878,0.000779559672,1.19293e-7,-8.865551578
1074,9.91839459e-6,2.79327696e-6,2.110423e+7,32.26277,0.000402998539,1.47059e-7,-35.1072646
1075,9.28717142e-6,1.82136056e-6,1.10551e+7,32.61049,0.000466006371,1.88938e-7,-35.57612469
1076,1.21961069e-6,4.38546185e-6,5.79482e+7,31.67971,0.00102517596,2.32489e-7,-3.622863731
1077,5.81312499e-6,5.9563149e-6,4.967821e+7,29.19711,0.000274702891,,-108.1635749
1078,9.08314252e-6,6.27969372e-6,2.038201e+7,31.15701,0.000467309184,,-104.4415204
1079,3.76702584e-7,2.02846934e-6,5.421371e+7,30.8441,0.00153111327,2.30263e-7,-19.869093
1080,1.73533356e-6,6.15986776e-6,1.835673e+8,27.84507,0.000838047257,,-101.0774233
1081,7.34937954e-6,8.17635545e-6,1.220998e+7,33.29193,0.000524157034,1.87055e-7,-28.43737934
1082,9.23821956e-6,9.63162709e-6,1.24867e+8,29.2888,0.000334351351,8.2188e-8,-26.40764308
1083,2.01352419e-6,2.57485186e-6,2.10301e+7,33.43463,0.000732501351,1.71244e-7,-14.90701264
1084,1.56940556e-6,9.02761221e-6,3.748438e+7,32.70228,0.000756037085,2.4214e-7,-5.215757792
1085,5.01793153e-6,8.08603783e-6,3.820646e+7,28.7331,0.000284316245,,-112.7951656
1086,7.32647117e-6,8.73229951e-7,1.557299e+7,31.20035,0.000644279515,1.64246e-7,-31.36378791
1087,9.28207114e-6,9.94612567e-6,6.953885e+8,25.82724,0.000908716282,7.9101e-8,-2.08607732
1088,4.61796679e-7,5.63304944e-6,3.282179e+7,32.13045,0.00126819417,1.30992e-7,-3.358444958
1089,1.80212807e-6,8.10264624e-6,1.036572e+8,27.8067,0.000601890105,,-101.096606
1090,1.02093158e-6,4.87142475e-6,2.053493e+7,32.967,0.00183706633,1.57542e-7,-45.11756041
1091,6.65256136e-6,8.50997872e-6,3.352936e+7,32.21992,0.000592348893,1.32715e-7,-25.01338174
1092,9.94680198e-6,6.58916234e-6,6.815351e+7,30.08216,0.000399168924,1.11021e-7,-28.11118258
1093,2.73677247e-6,1.8837987e-6,2.390856e+7,28.86995,0.00164314159,1.55893e-7,-37.75015032
1094,4.35348608e-6,2.93562459e-6,1.602561e+7,31.05905,0.000987557929,1.82119e-7,-26.11928665
1095,5.7095233e-6,7.58444191e-6,1.428914e+8,27.72502,0.000457836036,,-105.5789613
1096,3.44830498e-6,7.61060255e-6,3.850844e+7,30.86012,0.000508754908,1.11804e-7,-8.865551578
1097,3.14205227e-6,3.83679094e-6,2.273349e+7,32.42505,0.000637569712,1.40117e-7,-23.96892961
1098,7.63813342e-6,3.49126153e-6,1.281857e+8,28.65863,0.000552761994,9.4272e-8,-22.53418331
1099,5.69046194e-6,1.5968693e-6,4.14728e+7,30.80047,0.000840495135,1.20728e-7,-22.91889965
1100,3.12502655e-6,7.57805196e-6,5.281689e+7,31.59348,0.000707395008,9.8633e-8,-23.96892961
1101,6.62490778e-6,9.87447726e-6,1.346176e+8,26.61126,0.00346205059,,-182.8141046
1102,8.00403877e-6,6.09417374e-6,3.25933e+7,30.56186,0.000622849927,1.25556e-7,-30.14475789
1103,7.37687908e-6,7.77198367e-6,5.671635e+7,31.25691,0.000316785754,1.36718e-7,-13.25487884
1104,1.06377791e-6,4.34955741e-6,4.002765e+7,31.09619,0.00162421531,1.62178e-7,-20.95937768
1105,7.25282406e-6,2.54213046e-6,2.274968e+7,31.59553,0.000624439963,1.46828e-7,-30.14475789
1106,8.46587243e-6,3.90845757e-6,6.068365e+7,29.221,0.00057280845,1.13438e-7,-20.12703005
1107,1.88110966e-6,3.13309658e-6,1.599797e+8,26.99742,0.00125285615,9.2914e-8,-9.643250674
1108,3.31055445e-6,1.75340101e-6,1.12838e+7,33.14647,0.000728727997,1.86685e-7,-31.47892872
1109,1.04004825e-6,9.99413824e-6,1.287099e+8,26.78557,0.00125171411,1.05057e-7,-4.142238629
1110,6.69907861e-7,5.72766854e-6,2.246126e+7,26.8215,0.00168484182,1.06212e-7,-25.32004666
1111,7.83146724e-6,8.25882578e-6,7.489281e+7,30.72804,0.000506841651,1.26444e-7,-13.25487884
1112,8.79489673e-6,3.7762247e-6,1.307879e+7,32.3345,0.000253072767,,-125.0133817
1113,3.80432251e-6,5.59640748e-6,4.599626e+7,32.24942,0.000621236773,1.75564e-7,-9.643735869
1114,7.42092908e-6,8.61861086e-6,2.258711e+7,31.13691,0.000364332499,,-108.8655516
1115,2.37470186e-7,3.25180352e-6,3.088822e+7,30.71744,0.00227198909,1.2036e-7,-48.95699376
1116,5.05708656e-6,2.40319351e-6,1.161157e+7,33.22118,0.000596434535,1.89591e-7,-31.62419994
1117,2.44555332e-6,1.10455594e-6,2.121545e+7,29.57952,0.00174130811,1.66519e-7,-45.58041022
1118,4.64440555e-6,7.02161716e-6,4.927742e+7,32.01738,0.000563344901,1.7727e-7,-10.830278
1119,8.55038297e-6,5.88350273e-6,5.950293e+7,30.6333,0.000468163723,1.09245e-7,-30.14475789
1120,9.18878887e-6,5.73887878e-6,1.273569e+7,31.69499,0.000268788631,,-105.549847
1121,5.89924135e-6,4.70847617e-6,2.647945e+7,28.7431,0.00113995615,1.97689e-7,-3.623734081
1122,4.01928253e-6,4.66088191e-7,1.759658e+7,30.51255,0.00117838042,2.06724e-7,-13.40138613
1123,6.28250453e-6,2.91738419e-6,4.387089e+7,28.07346,0.00111790655,1.47822e-7,-5.404760579
1124,9.57517909e-6,5.31392565e-6,2.76838e+7,32.01217,0.000251221284,,-113.2548788
1125,4.77676663e-7,5.79816775e-6,1.571173e+7,32.21223,0.00318924968,1.50847e-7,-91.34285737
1126,9.53408554e-6,8.24117494e-6,4.261753e+7,31.33387,0.000472694149,1.28373e-7,-34.12932565
1127,5.85660373e-6,3.44629416e-6,3.477407e+8,26.36088,0.000871580735,8.1107e-8,-1.81935922
1128,7.14339074e-6,6.49927977e-6,1.311575e+8,26.01418,0.00158984029,,-121.1933445
1129,6.45464958e-6,3.07312906e-6,1.28543e+8,27.61014,0.000859283266,,-101.1948731
1130,6.72372583e-6,8.49671149e-6,4.391154e+7,29.04884,0.000529666713,,-106.0254234
1131,6.44736117e-6,9.62578553e-6,2.86725e+7,29.22949,0.000270688802,,-110.3520526
1132,3.57120081e-6,2.00131346e-6,4.744754e+7,30.58062,0.000495372703,1.27495e-7,-11.06561105
1133,7.468034e-6,5.33880787e-6,1.005574e+8,30.56848,0.000500556049,9.4241e-8,-29.13126125
1134,1.397773e-6,6.70906379e-6,1.054897e+8,28.88009,0.000685817376,,-100.5599491
1135,5.20645155e-6,5.61571738e-6,1.706515e+8,28.29369,0.000595992656,1.07887e-7,-5.294654673
1136,1.52885183e-6,1.94683376e-6,2.567132e+7,33.13122,0.000686735714,1.46218e-7,-5.549847011
1137,7.0298572e-6,9.85328266e-6,9.082135e+7,29.92224,0.00038887083,1.12926e-7,-14.38369856
1138,4.68969211e-6,6.62040438e-6,1.849904e+7,32.86007,0.000421498967,1.59418e-7,-33.1439418
1139,9.19896572e-6,5.8533511e-6,7.954373e+7,28.00009,0.00031083849,1.09848e-7,-8.762053723
1140,9.68250491e-6,2.3723573e-6,7439696,32.37674,0.000449468069,2.42992e-7,-37.29116168
1141,8.82702644e-7,8.2210281e-6,2.038424e+7,28.63026,0.000594907734,,-100.6848593
1142,3.30781545e-7,6.06597464e-6,1.641927e+7,30.16065,0.00398406145,2.4916e-7,-92.80576982
1143,4.93812299e-6,6.81276216e-6,7.320023e+7,23.05702,0.000592165679,9.8932e-8,-16.72497499
1144,8.34407473e-6,4.19059336e-6,3.442745e+7,30.64956,0.00071120731,1.27059e-7,-27.08471185
1145,9.11033481e-6,9.18217345e-6,1.966346e+8,27.76683,0.000585273815,,-103.3383951
1146,8.88729732e-6,8.68342266e-6,2.388211e+7,32.00137,0.000488150403,1.41756e-7,-35.1072646
1147,8.34375374e-7,4.87673757e-6,9.279708e+7,30.0522,0.00109594051,1.16532e-7,0
1148,4.02265784e-6,6.02945499e-6,8.366234e+7,29.09243,0.00108570845,9.992e-8,-8.215913936
1149,1.98365864e-6,2.9699449e-6,7.139844e+7,28.4767,0.000604553645,,-100.7616353
1150,1.93378938e-6,9.98879435e-6,3.105242e+7,32.2007,0.00124741851,1.25056e-7,-18.83455021
1151,4.04788942e-6,3.40266464e-6,3.845599e+7,31.42606,0.000625833777,1.17178e-7,-20.80297713
1152,8.05135126e-6,9.51240278e-7,1.665271e+7,27.20108,0.000741258897,1.82074e-7,-11.36857541
1153,8.48202662e-6,3.02175806e-6,7.365601e+7,23.76944,0.00361635028,,-186.7123475
1154,7.23669487e-6,7.73662308e-6,4.479253e+7,30.6389,0.000558588257,,-106.6568077
1155,5.76471787e-6,4.7031508e-6,9170287,32.68134,0.000649642856,2.03719e-7,-32.33035978
1156,8.82799348e-6,5.72290936e-7,2.594154e+7,27.54548,0.00114480772,1.85043e-7,-4.701139448
1157,6.86062204e-6,6.79105823e-6,5.406347e+7,28.85637,0.000422504062,1.13004e-7,-19.23921244
1158,5.56383608e-7,9.22657817e-6,4.686844e+7,30.47123,0.00173941353,1.13902e-7,-26.28865729
1159,1.873509e-7,6.51837942e-6,2.857674e+7,30.80709,0.00232580269,1.64344e-7,-51.19289558
1160,3.0800377e-6,4.33045896e-6,2.239454e+8,26.59447,0.000881967508,,-101.7026005
1161,7.11025396e-6,7.8848033e-6,5.836232e+7,31.22422,0.000492552762,1.20569e-7,-27.08471185
1162,3.58624626e-6,6.47895817e-6,2.922078e+7,32.26578,0.000814232729,1.35963e-7,-27.08471185
1163,5.61857669e-7,4.64719768e-6,9.472563e+7,28.01579,0.00127489531,,-104.6851577
1164,2.60426843e-6,3.29801603e-6,1.143709e+8,29.71065,0.00110390701,9.0469e-8,-11.21028595
1165,5.70851242e-6,2.50231424e-7,9938819,29.86364,0.00112262453,2.58418e-7,-13.85066338
1166,5.96677268e-6,3.66512765e-6,2.131329e+7,32.09735,0.000574797008,1.52095e-7,-34.12932565
1167,8.67635269e-6,6.89362852e-6,2.162512e+7,30.59649,0.000293914555,,-109.9667995
1168,4.19878189e-6,4.58034689e-6,5.729655e+7,29.49809,0.00110042196,,-100.2509545
1169,2.70887162e-6,1.2338877e-6,2.379346e+7,25.72755,0.0016497483,1.56464e-7,-24.20421793
1170,1.35217277e-6,8.828882e-7,8475115,28.58672,0.00456160627,3.40513e-7,-109.6547451
1171,2.87056047e-6,2.63135681e-6,1.822864e+7,32.08082,0.00102947262,1.73474e-7,-20.41122183
1172,7.7995437e-6,2.99247542e-6,1.269016e+7,32.50439,0.000530170621,1.84754e-7,-34.3815786
1173,7.49881899e-6,7.39436045e-6,5.661748e+8,22.73058,0.000369758895,9.0615e-8,-3.633110226
1174,9.06331866e-7,9.53399578e-6,2.256178e+7,30.83035,0.0024662156,1.85356e-7,-58.36332513
1175,6.54704098e-6,3.96584131e-6,2.912382e+7,31.9956,0.000618198099,1.30638e-7,-31.15148823
1176,6.82423871e-6,8.78704565e-6,2.012952e+8,26.66598,0.000663676268,1.19353e-7,-1.666855601
1177,3.48643017e-6,5.23224205e-6,1.059013e+7,32.95928,0.00083008687,2.09962e-7,-28.54962507
1178,2.29690485e-6,7.85067895e-7,2.894986e+7,30.91903,0.00110440697,1.32309e-7,-19.73753202
1179,1.811904e-7,2.13630976e-6,9115619,32.18056,0.00422122934,1.93923e-7,-92.39192717
1180,2.47433512e-6,7.6953289e-6,2.696079e+7,33.0712,0.00047619089,1.68693e-7,-8.196779314
1181,4.6139255e-6,4.29407714e-6,1.83656e+8,24.96872,0.00475970565,,-196.9776603
1182,7.44057629e-7,8.28150483e-6,3.271513e+7,32.74835,0.00122106807,2.76254e-7,-6.80953222
1183,7.89524656e-6,9.9898173e-7,9823670,31.29746,0.000572391922,2.34489e-7,-30.80744068
1184,3.72138799e-7,8.20446886e-6,3.838308e+7,25.46666,0.00257111361,1.01743e-7,-61.74598353
1185,7.29088468e-7,3.4502958e-6,4.887633e+7,27.53783,0.00105553233,,-101.2310228
1186,1.58790492e-6,1.29766601e-6,1.812236e+7,29.95472,0.00244753465,2.10829e-7,-63.4532732
1187,5.07896953e-6,9.64428103e-6,1.173891e+8,26.81356,0.000881146325,1.47177e-7,-1.593085209
1188,1.11121458e-6,8.22693195e-7,2.888971e+7,30.64549,0.00169066584,1.42882e-7,-32.87109371
1189,7.02701425e-6,7.18191309e-6,4.841892e+7,32.01789,0.00036387136,1.83591e-7,-18.77232234
1190,4.46360503e-6,2.18992843e-6,6.004849e+7,28.05716,0.00119776125,1.42252e-7,-3.193245941
1191,6.60181948e-6,6.85330627e-6,4.266354e+7,30.35348,0.000752865792,,-103.3320993
1192,6.11256737e-6,2.57648216e-6,2.779051e+7,32.74953,0.000505279413,1.77437e-7,-17.3858692
1193,8.50727616e-6,7.90616658e-6,3.328037e+7,31.22566,0.000611806591,1.62878e-7,-13.39877874
1194,7.6094256e-6,9.50341831e-6,7.34531e+7,23.62175,0.000498929229,1.04584e-7,-21.85544794
1195,2.22550231e-6,2.27238042e-6,2.827279e+7,32.02758,0.00101654676,1.28964e-7,-26.05204458
1196,8.12214999e-6,6.32749494e-6,1.382267e+7,30.593,0.000317762817,,-112.1617241
1197,4.86311689e-6,9.34853764e-6,6.829585e+7,30.19099,0.000627146522,1.00982e-7,-23.96892961
1198,5.13309886e-6,2.47380092e-6,5.340273e+7,27.6632,0.00100590821,1.52955e-7,-1.168346835
1199,6.34023847e-6,5.50085842e-6,6.965169e+7,27.43557,0.000876427021,9.5171e-8,-1.282144736
1200,9.75922578e-6,5.57525087e-6,2.393232e+8,26.39604,0.000987273519,,-101.801785
1201,8.60551114e-7,3.64578623e-6,2.160647e+7,29.88683,0.00131727714,1.21099e-7,-6.974965742
1202,6.99831583e-6,6.88515434e-7,3.997031e+7,24.28426,0.00137513642,1.80267e-7,-12.55529325
1203,3.18647617e-6,5.4787754e-6,5.569444e+8,23.55077,0.000533922107,8.5345e-8,-4.334563186
1204,5.6132198e-6,2.99759021e-6,4.049613e+7,28.31008,0.00122392404,1.86346e-7,-3.308315673
1205,1.89975456e-6,1.74954199e-6,3.853588e+7,26.6443,0.00103962428,1.07067e-7,-8.33450022
1206,1.73899293e-6,3.39605087e-6,1.030451e+7,32.64765,0.00156369476,2.65738e-7,-34.28611108
1207,3.03501491e-6,1.92959754e-6,4.9648e+7,32.23191,0.000763697836,1.66577e-7,-9.194400393
1208,4.32962413e-6,9.02101822e-6,5.045256e+7,30.84056,0.000593482642,,-103.3320993
1209,5.66447969e-6,2.07626533e-6,8871525,31.95058,0.000730524769,2.49858e-7,-28.4588089
1210,6.39397042e-6,9.51211181e-6,2.538167e+7,32.51849,0.000633899005,1.65257e-7,-17.85567644
1211,9.80322275e-6,9.44401456e-6,1.569162e+7,31.91142,0.000325414026,,-108.8655516
1212,4.27052394e-6,9.31928674e-6,5.275437e+8,27.55761,0.000352254885,,-101.2211343
1213,9.4867082e-7,8.90844423e-6,2.24955e+7,33.0085,0.00140653328,1.91462e-7,-11.81360924
1214,9.85197498e-6,3.57014828e-6,8.694606e+7,29.24708,0.000661143032,1.04989e-7,-21.17943535
1215,2.53399696e-6,9.07916733e-6,2.224672e+8,26.94547,0.000780137612,1.03945e-7,-2.638211653
1216,1.5441466e-6,5.47768762e-6,1.338743e+8,27.04269,0.00155935785,,-119.207119
1217,6.23784097e-6,7.50603791e-6,7.769728e+7,29.01284,0.00139576847,,-110.2013304
1218,5.55271755e-6,8.11443801e-6,2.759018e+7,30.97393,0.000847742188,1.60593e-7,-17.62247705
1219,7.05272541e-6,1.18089428e-6,4.324201e+7,27.69789,0.00100021107,1.41023e-7,-16.58229368
1220,6.31652216e-6,6.86662352e-6,8.202224e+7,28.18925,0.000833728862,1.68023e-7,-1.306498111
1221,6.79246032e-6,5.96109273e-6,6.804849e+7,29.19537,0.000827145926,1.15663e-7,-20.13984485
1222,4.33395825e-7,7.56338229e-6,1.606341e+8,24.38608,0.00219716417,,-148.8669712
1223,6.16491692e-6,4.90853814e-6,8150163,32.44574,0.000624556901,2.29393e-7,-34.61974659
1224,8.09146797e-6,8.96606357e-6,2.525529e+7,30.87923,0.000705503888,1.39627e-7,-28.11118258
1225,3.38524578e-6,1.6626341e-6,8070849,31.97907,0.000867687753,2.35321e-7,-28.77765227
1226,5.27701456e-7,8.39727271e-6,2.053698e+7,33.59067,0.00113787573,3.03548e-7,-7.165100535
1227,3.83349452e-6,9.15665399e-6,1.712417e+8,27.42402,0.000803586629,,-101.2879188
1228,8.91528863e-7,9.12022001e-6,3.629325e+7,32.05306,0.000992380637,1.26753e-7,-1.111065389
1229,9.83461913e-6,3.74216898e-7,2.498999e+7,28.18716,0.00107670867,1.74119e-7,-18.12637474
1230,8.90449473e-6,3.31593978e-6,1.317139e+8,28.95173,0.00105020935,,-103.8562295
1231,6.48410553e-6,6.34626117e-6,3.727152e+7,31.79654,0.00038725734,1.35255e-7,-18.66740367
1232,7.16832582e-6,4.36126167e-6,3.154562e+8,25.15524,0.000481418955,9.637e-8,-11.28745788
1233,4.45122444e-6,8.99027067e-6,7.573703e+7,30.29328,0.000363091694,,-106.6568077
1234,6.09163473e-6,2.97656572e-6,2.354497e+7,29.60833,0.00104445186,2.28248e-7,-5.828767343
1235,5.35062568e-6,9.54349584e-6,3.019758e+7,29.2149,0.000302036402,,-108.15468
1236,2.6249585e-6,9.21975876e-6,1.733469e+7,33.2183,0.000934523123,1.60583e-7,-27.11386185
1237,2.13530233e-6,7.22297983e-6,6.899712e+7,30.53943,0.000673050652,1.07673e-7,-6.65680765
1238,1.24092771e-6,8.70884902e-6,2.669592e+7,32.94611,0.000766521915,1.43632e-7,-4.441520372
1239,1.42427564e-6,2.65908644e-6,6.515394e+7,27.87675,0.00103189394,,-101.0615851
1240,5.48148852e-6,5.02013224e-6,1.100107e+8,28.93719,0.000826155308,9.3632e-8,-23.45029965
1241,5.1605851e-6,7.41490232e-6,2.910838e+7,31.65862,0.000845236855,1.47407e-7,-17.59282705
1242,8.11737641e-6,1.36558214e-6,1.556292e+7,32.38206,0.00043327472,1.65628e-7,-35.38866386
1243,8.19791191e-6,8.46388911e-6,3.751422e+7,31.46297,0.000526682783,1.38902e-7,-29.13126125
1244,6.89328902e-6,5.94949443e-6,7.489577e+7,29.55706,0.000326810016,,-107.9836017
1245,9.27507169e-6,9.52943488e-6,4.066659e+8,26.16838,0.00294510726,,-172.1571783
1246,5.52583127e-6,1.57875852e-6,1.674744e+7,28.68423,0.00128380118,2.19148e-7,-16.61766038
1247,9.88928012e-7,4.01216222e-6,2.059332e+7,33.04802,0.00122003654,1.38429e-7,-10.91859773
1248,3.611926e-6,4.22051033e-6,3.970137e+7,31.94957,0.000625329062,1.07789e-7,-25.01338174
1249,6.34967217e-6,5.284748e-6,1.369726e+8,28.66676,0.000571941928,1.02864e-7,-17.18065142
1250,2.64077487e-6,2.22924725e-6,2.378689e+7,32.60449,0.0006597438,1.5934e-7,-25.01338174
1251,9.79360342e-6,3.59317885e-6,4.753756e+7,29.344,0.000767531759,1.52925e-7,-6.984806474
1252,5.77614271e-6,1.02765797e-6,2.314474e+7,30.2961,0.000820208406,1.7211e-7,-16.03678211
1253,4.00025769e-6,7.67449147e-6,1.473719e+8,29.10585,0.000592327606,9.1175e-8,-15.87836153
1254,5.72197647e-6,7.31219403e-7,4.683366e+7,30.74834,0.000497135862,,-108.8655516
1255,9.86060831e-6,5.09709909e-6,4.230329e+7,31.84199,0.00043141966,1.18189e-7,-35.1072646
1256,6.70588628e-6,7.90235069e-6,1.76884e+7,31.02885,0.00035058666,,-106.6568077
1257,2.52526943e-6,2.88072904e-7,2.729718e+7,26.08524,0.00244219213,1.82929e-7,-62.69934091
1258,2.24806004e-6,9.77342772e-6,1.264318e+8,29.08197,0.00105821124,1.16861e-7,-0.4590117763
1259,3.23005114e-6,3.70317005e-6,1.725515e+7,31.41342,0.000742539989,1.5741e-7,-21.86350837
1260,8.53603726e-6,5.39872874e-6,2.161269e+7,30.27232,0.000340398738,,-106.6568077
1261,6.36668805e-6,8.70496216e-6,1.265085e+7,32.80489,0.000593263465,2.04101e-7,-27.21807443
1262,3.32231284e-6,7.84066765e-6,6.465919e+7,31.04536,0.000435234939,8.8466e-8,-6.65680765
1263,2.67974693e-6,3.8622523e-6,5.102231e+7,30.21974,0.000419833991,,-104.4415204
1264,2.13156834e-6,4.4081691e-7,4597101,31.80901,0.00178716648,4.55007e-7,-59.65535367
1265,2.43891312e-6,3.14355058e-6,6.432507e+7,28.35147,0.00142283466,1.21222e-7,-21.83751567
1266,5.75294071e-6,5.25491407e-6,1.203416e+8,30.51836,0.000591427207,8.1247e-8,-22.91889965
1267,6.55741529e-6,6.99784578e-6,1.158222e+8,27.07518,0.000909667382,1.16599e-7,-10.32785733
1268,6.68094845e-6,2.23625505e-6,4.936426e+7,29.87509,0.000511056598,,-106.7192626
1269,1.76416437e-6,5.81387564e-6,2.435365e+7,30.28762,0.000853393442,1.21866e-7,-8.865551578
1270,1.34701602e-6,5.60082885e-6,2.994506e+8,25.62133,0.00140684334,,-112.4449642
1271,1.93787523e-6,5.15931561e-6,3.974256e+7,31.61915,0.00058349858,9.1015e-8,-5.549847011
1272,3.01207794e-6,9.67979829e-6,4.589749e+7,31.42802,0.000421025826,,-105.549847
1273,1.70618591e-6,6.4706367e-6,2.37054e+8,23.54976,0.000590152746,1.23706e-7,-3.224002273
1274,8.99800678e-7,9.6645525e-6,2.160934e+7,32.20476,0.000695038441,,-102.2218565
1275,5.22887717e-6,3.49860281e-6,2.459397e+7,32.48445,0.000298004529,,-113.2548788
1276,8.85554469e-6,7.09186773e-6,5.08611e+7,30.12737,0.000227369941,,-114.3448186
1277,5.57909296e-6,1.15482947e-6,1.78876e+7,30.01901,0.00103582258,1.97249e-7,-17.2935242
1278,5.6608221e-6,4.80671303e-7,1.659784e+8,23.59517,0.000776488389,1.2168e-7,-3.201320707
1279,7.53925891e-6,4.48784181e-6,3.15669e+8,24.48758,0.000799231261,9.5371e-8,-2.755512276
1280,2.32655832e-6,6.01130225e-6,3.777994e+7,29.82248,0.000485066972,1.11283e-7,-10.05555944
1281,8.49425336e-6,7.65460236e-6,3.316059e+7,31.63719,0.000356650777,1.53735e-7,-31.15148823
1282,6.73355176e-6,1.88097931e-6,5.071995e+8,25.73519,0.000374468225,6.736e-8,-8.788889497
1283,5.99027653e-6,5.18651831e-6,1.750509e+8,27.35519,0.000898285964,,-101.3223279
1284,2.09607019e-6,2.15137623e-6,8323295,32.5874,0.00126389062,2.32457e-7,-32.81680558
1285,6.05436507e-6,4.46477473e-6,1.162412e+8,28.1805,0.00062298189,,-103.1315814
1286,1.97015045e-6,7.92323709e-6,6.418857e+7,30.94648,0.000711894958,,-100
1287,3.33658571e-6,4.77484301e-6,1.888083e+7,32.86564,0.000755015412,1.45246e-7,-32.15127375
1288,8.75717025e-6,3.81940268e-6,3.630477e+7,30.21867,0.000330814208,1.24155e-7,-14.34481856
1289,9.32927781e-6,2.03874197e-6,3.073853e+7,30.14893,0.000595011926,1.34138e-7,-27.08471185
1290,2.38980992e-6,6.41879167e-6,1.156141e+8,28.47019,0.000980228735,,-100.7648901
1291,9.29372537e-7,9.96962376e-6,1.351702e+8,26.64053,0.00101451425,,-101.679577
1292,1.44699778e-6,6.81740755e-6,6.180121e+7,31.25194,0.000735703249,,-102.2218565
1293,7.1513642e-6,8.23333587e-6,1.351064e+8,28.98462,0.00103778495,,-102.7295421
1294,7.67973271e-6,7.09840984e-6,2.895159e+7,31.10907,0.000213832512,,-116.5140413
1295,4.3159292e-6,8.79975938e-6,7.252346e+7,29.1801,0.000367381333,8.6863e-8,-14.75476626
1296,8.55739093e-6,3.80355537e-6,1.487658e+7,31.49024,0.000293124314,,-106.6568077
1297,9.76690966e-6,4.04725149e-6,2.016034e+7,29.80145,0.000817421733,2.27262e-7,-10.11791525
1298,1.16305652e-6,1.94221591e-6,4.680174e+7,28.76705,0.00198798087,1.22143e-7,-42.49452723
1299,3.5450511e-6,3.14926212e-6,1.956782e+7,30.79057,0.000391808495,,-113.2548788
1300,6.32293354e-6,5.71864841e-6,4.503002e+7,25.82782,0.00145233946,1.75852e-7,-15.37960279
1301,8.6459342e-6,6.27652541e-6,3.818904e+7,32.03617,0.000381574104,1.2574e-7,-29.13126125
1302,1.13943302e-6,3.55689083e-6,6.764245e+7,29.82702,0.00135503127,1.10711e-7,-7.772862496
1303,9.58610577e-6,9.81437653e-6,2.254174e+7,31.357,0.000346527247,,-108.8655516
1304,6.87129498e-6,6.32294614e-6,2.875686e+7,31.64691,0.000239354743,,-116.5140413
1305,5.61906696e-6,2.81950127e-6,1.193232e+7,31.70984,0.000337665413,,-115.4312895
1306,3.85079232e-6,7.4055041e-6,7.99964e+7,28.93549,0.00113206614,1.21695e-7,-1.643315363
1307,6.61899339e-6,6.35197271e-6,4.086449e+7,31.98735,0.000413373139,1.20765e-7,-25.01338174
1308,7.97424659e-6,9.29927218e-6,4.04862e+7,30.58691,0.000540245253,,-105.549847
1309,9.05353198e-6,4.49139019e-6,2.710744e+7,32.56058,0.00044338552,1.37316e-7,-35.1072646
1310,9.04117843e-6,3.42068226e-6,2.121534e+7,30.44919,0.000464412995,1.53345e-7,-22.91889965
1311,4.34016605e-6,9.50873731e-6,1.466152e+8,29.15897,0.000522455549,,-100.4205125
1312,7.66674211e-6,1.51808768e-6,8944115,30.03736,0.00113285074,2.82945e-7,-18.30124254
1313,6.22317422e-6,5.04316678e-6,1.479954e+7,33.02372,0.00050467032,1.54777e-7,-35.1072646
1314,2.72493552e-7,4.9682617e-6,1.889349e+7,32.00665,0.00227913402,1.74353e-7,-49.94577805
1315,5.63131869e-6,1.50075278e-6,1.367334e+7,29.51914,0.00125566915,2.19552e-7,-20.29474521
1316,1.33505427e-6,2.88828348e-6,5.581717e+7,30.14806,0.00117323202,9.9162e-8,-5.549847011
1317,5.066227e-6,7.4963732e-6,3.597623e+7,32.15289,0.000483849164,1.17444e-7,-23.96892961
1318,8.96328114e-6,2.60608902e-6,1.896447e+7,29.29563,0.000964275587,1.81016e-7,-21.14047689
1319,8.08467878e-6,7.07169808e-6,5.454888e+7,30.1378,0.000451174272,1.13879e-7,-12.16172407
1320,4.17144576e-6,8.33010763e-6,2.373045e+7,32.27611,0.000395109231,1.38099e-7,-20.80297713
1321,4.92553144e-6,3.17184471e-6,1.831608e+7,30.53741,0.000369587013,,-107.7621321
1322,9.16219468e-6,2.35341931e-6,6.199297e+7,29.15025,0.000592882941,1.20062e-7,-24.39380205
1323,3.44088371e-6,1.28565468e-6,2.22226e+7,30.16621,0.00102726022,1.5909e-7,-17.59282705
1324,4.57851662e-6,7.76583043e-6,3.546308e+7,29.57704,0.000543303796,1.26349e-7,-21.01445681
1325,7.63997622e-6,4.90745297e-6,3.536787e+7,29.84084,0.000381991653,,-108.9451316
1326,5.91396189e-6,3.52279579e-6,1.07078e+8,27.35296,0.00126532636,,-104.5386523
1327,7.93007369e-6,1.74064604e-6,1.077909e+7,29.58807,0.0012455057,2.93153e-7,-20.14432452
1328,7.37206821e-6,1.54317445e-6,1.289902e+7,31.42713,0.000722951715,2.02761e-7,-29.22243613
1329,4.30346656e-6,5.27910255e-6,6.829067e+7,30.14928,0.000906576271,1.27125e-7,-8.865551578
1330,3.35836714e-6,4.41589845e-6,2.020468e+7,29.83374,0.000641987817,,-100.08313
1331,7.69764977e-6,9.01713488e-6,1.420686e+8,29.65781,0.000409148,1.10112e-7,-20.97407196
1332,6.21758922e-6,5.52708042e-6,3.655835e+7,29.86825,0.000794331511,,-100.065875
1333,6.55040012e-6,9.4157776e-6,1.849102e+7,31.19683,0.000450544419,,-106.6568077
1334,4.18558977e-6,8.37363264e-6,1.052917e+8,25.33572,0.00325866183,,-179.6756209
1335,5.08206899e-6,1.55796136e-6,2.065369e+7,33.00623,0.000568615258,1.45657e-7,-21.86350837
1336,2.50404801e-6,5.77579757e-6,1.840598e+7,33.49399,0.000816365874,1.83404e-7,-13.33187066
1337,5.77153585e-6,1.53286037e-6,1.672337e+7,32.67,0.000451937883,1.58088e-7,-33.1439418
1338,7.02398464e-6,1.97640942e-6,4.156275e+7,29.19686,0.000489404999,,-102.6234243
1339,9.79617275e-6,6.97182743e-6,4.602455e+7,29.53145,0.000339306241,,-113.4891534
1340,9.52313757e-6,1.62164485e-6,7191037,30.75657,0.000821952806,2.9566e-7,-31.7859982
1341,2.76661329e-6,3.24449068e-6,2.338268e+7,32.91005,0.00104823658,1.64326e-7,-16.73034096
1342,1.83035844e-6,9.79054023e-6,2.487463e+7,31.15163,0.0015225782,1.79149e-7,-21.34070588
1343,6.93732531e-6,3.71553662e-6,7.573733e+7,29.07343,0.000343986767,,-107.1200893
1344,8.01773387e-6,1.82240423e-7,7020514,24.61811,0.00247311703,4.00041e-7,-79.72158451
1345,1.88728903e-6,7.97127936e-6,8.011986e+7,30.48313,0.000921385502,2.04078e-7,-2.203543245
1346,1.91307257e-6,2.47031973e-6,8997667,29.81926,0.00252757862,4.07755e-7,-71.58103303
1347,5.75825747e-7,4.02311003e-7,3307652,32.59599,0.0031919312,4.76413e-7,-108.17233
1348,8.18862834e-6,7.78297742e-6,5.983056e+7,30.24508,0.000540967724,1.15633e-7,-29.13126125
1349,1.6822189e-6,7.14591927e-6,3.260887e+7,31.97111,0.000926631994,1.14367e-7,-14.34481856
1350,2.4986554e-6,5.3500317e-6,1.06619e+8,27.2701,0.000530468113,,-101.3648652
1351,9.99396429e-6,3.98045188e-6,8.175487e+7,30.63724,0.00026783357,9.514e-8,-17.59282705
1352,9.71258004e-7,4.67305545e-6,1.635054e+7,29.7085,0.000587710135,,-104.5872703
1353,8.38695892e-6,6.07838949e-6,7.608494e+7,28.94691,0.000633301001,,-103.8586394
1354,2.08307206e-6,3.95772211e-6,7.083376e+7,28.63707,0.00105246732,,-100.6814545
1355,8.7352789e-6,1.58925941e-6,1.619286e+7,32.88532,0.000485306053,1.63763e-7,-30.33290767
1356,3.96056484e-7,8.31450352e-6,5.119515e+7,30.72099,0.00145216106,2.23943e-7,-15.68851237
1357,9.92717574e-6,1.89327437e-6,2.451501e+7,28.4277,0.00100278849,2.01975e-7,-5.106432207
1358,3.98236834e-6,8.11970852e-6,3.188952e+7,28.43542,0.000316278064,,-108.5444061
1359,7.9986107e-6,6.66307313e-6,4.234295e+7,31.12488,0.000252280189,,-117.592827
1360,9.84669687e-6,4.62113858e-6,5.103965e+7,30.0505,0.00033989842,,-107.7621321
1361,3.07589286e-6,7.18844021e-6,1.352311e+8,28.45739,0.00146279107,,-113.7865947
1362,6.76678465e-6,2.67031554e-6,4.104538e+7,30.49954,0.000735181467,1.19514e-7,-29.13126125
1363,6.22578788e-7,5.93630487e-6,5.480323e+7,31.51175,0.00132047426,2.45104e-7,-10.2192508
1364,2.77645439e-6,9.03571817e-6,4.161731e+7,29.55775,0.000429352827,,-104.662645
1365,7.81091508e-6,7.61821706e-6,6.351435e+7,29.7677,0.000427222675,1.07678e-7,-20.91912708
1366,4.12305464e-6,5.76879991e-6,2.322538e+7,32.9224,0.000507373505,1.68435e-7,-16.93578879
1367,5.9417717e-6,6.31080381e-7,1.068637e+7,32.80115,0.000577906471,2.05697e-7,-28.33649706
1368,3.95769877e-6,6.52170713e-6,4.139954e+7,29.39292,0.00116142004,1.48598e-7,-8.065671118
1369,1.13401254e-6,5.06971323e-6,4.528281e+7,31.52407,0.000886287204,1.0776e-7,-4.441520372
1370,3.90475265e-6,7.06561909e-6,4.324608e+8,25.82971,0.00213293215,,-145.5782654
1371,9.31467784e-6,3.52623651e-6,3.263764e+7,29.40615,0.000328234372,,-109.1624757
1372,2.91456238e-6,1.42359574e-6,1.000267e+7,33.18175,0.000958783498,2.26099e-7,-25.1672556
1373,7.84062526e-6,5.16580659e-6,2.610428e+7,32.81116,0.000425833116,1.37965e-7,-33.1439418
1374,9.09970171e-6,7.43115379e-6,7.647481e+7,29.14794,0.000388143873,,-108.1881595
1375,9.95410737e-6,2.39564896e-6,7.831885e+7,27.71189,0.000891591065,,-101.1440051
1376,6.41778185e-6,3.16041231e-6,4.717032e+7,32.0006,0.000455870327,1.10637e-7,-21.86350837
1377,8.03877376e-6,8.69089319e-6,1.69436e+7,31.28495,0.000669263919,1.87191e-7,-20.02686991
1378,1.08861932e-6,3.74821143e-6,2.159626e+7,29.54772,0.00103595109,1.1287e-7,-3.558238928
1379,4.19258425e-6,5.19684165e-6,1.95998e+7,30.71389,0.000670983656,1.48296e-7,-18.66740367
1380,8.86978164e-6,7.89768724e-6,1.885564e+8,28.46392,0.000368446162,9.7028e-8,-16.19931441
1381,6.85285913e-6,7.81650256e-6,1.830318e+7,33.24102,0.000375239256,1.84564e-7,-18.82096529
1382,4.72837697e-7,6.21526352e-6,1.587152e+7,32.52359,0.0014647538,1.49733e-7,-13.11176701
1383,7.57613443e-6,3.75813371e-6,1.238608e+8,28.74039,0.000942377546,,-102.8516532
1384,5.97673611e-6,7.87781392e-6,1.214998e+8,25.26055,0.000866381092,1.27855e-7,-2.369281519
1385,5.34373571e-6,5.17870512e-6,2.826727e+8,26.79949,0.0020841028,,-143.0930755
1386,1.975231e-6,5.5708347e-6,7.989539e+7,29.96242,0.000754117161,,-100.01879
1387,5.49290237e-6,5.12583088e-6,2.903229e+7,32.78691,0.000464550495,1.74631e-7,-21.53451408
1388,6.26724068e-6,8.72673126e-6,1.126585e+8,28.3192,0.000571536833,1.11415e-7,-6.390227226
1389,3.28914524e-6,2.73957793e-6,6.500721e+7,29.48132,0.00110770579,1.10258e-7,-21.06231655
1390,3.94876585e-6,9.42472529e-6,2.617786e+7,31.85383,0.000983031934,1.49313e-7,-16.51404129
1391,7.07120145e-6,6.6814533e-6,3.416819e+7,31.34087,0.00024857831,,-119.737532
1392,1.57577946e-6,2.33198684e-6,6.296794e+7,32.00356,0.0008612679,2.1145e-7,-2.571932678
1393,2.6257361e-6,5.29196905e-7,4752686,30.91543,0.00157329863,3.87135e-7,-50.51401137
1394,8.71800415e-6,1.81971646e-6,1.248035e+7,29.95102,0.00102695957,2.20799e-7,-23.86648104
1395,9.51152431e-6,3.51121681e-6,2.219058e+7,30.31529,0.00026788269,,-108.8655516
1396,9.15491673e-6,4.1175743e-6,1.254692e+7,31.63103,0.000327033895,,-104.4415204
1397,4.37048116e-6,6.24881221e-7,1.19981e+7,32.42278,0.000749232747,1.7964e-7,-30.11322968
1398,3.98585708e-6,2.6228845e-6,1.08007e+7,32.36374,0.000825868298,2.15965e-7,-25.71641952
1399,1.29449802e-6,2.80013233e-6,1.548097e+8,28.42036,0.00118423309,9.3351e-8,-6.339650588
1400,3.52288978e-6,6.3219183e-6,9.684566e+7,28.1275,0.000823721133,,-100.9362226
1401,5.28149536e-6,8.1816521e-6,6.529935e+7,30.76235,0.000641795001,1.02963e-7,-28.11118258
1402,3.14740749e-6,1.26070202e-6,9867457,33.49458,0.000902947888,2.30828e-7,-24.34289739
1403,6.37705869e-6,4.7451238e-6,1.536342e+7,33.27719,0.000637484709,1.91059e-7,-24.47172483
1404,3.82587927e-6,3.47718799e-6,3.27884e+8,25.9051,0.000454003252,9.0544e-8,-2.047163947
1405,2.6338794e-6,1.86978968e-6,1.106135e+7,33.30499,0.0010639297,2.31727e-7,-20.09885451
1406,1.07738573e-6,6.40077566e-7,1.777286e+7,32.79816,0.0012072885,1.62855e-7,-15.88846348
1407,6.81539968e-6,6.91419213e-6,5.862832e+7,28.83707,0.000353281229,,-109.44701
1408,7.87449653e-6,2.70120671e-6,2.426635e+7,31.77067,0.000545127058,1.4385e-7,-28.11118258
1409,8.37511055e-6,7.59296585e-6,6.389431e+7,29.40564,0.000435033554,,-109.1627307
1410,3.03789559e-6,3.93985139e-6,1.388612e+8,24.37396,0.00101746406,1.13954e-7,-2.812278246
1411,3.64715982e-6,9.67157605e-6,9.373587e+7,26.75729,0.00104932155,1.56347e-7,-1.621212941
1412,5.3651323e-6,3.0701874e-6,1.800702e+7,31.96901,0.000318358411,,-119.737532
1413,5.47275338e-7,3.4336224e-6,9.111573e+7,28.06209,0.00131709216,9.7261e-8,-6.767022076
1414,3.72746767e-6,2.90715601e-6,2.230353e+7,31.20119,0.000868585147,1.5754e-7,-27.08471185
1415,1.45841652e-6,9.07252068e-6,2.725519e+7,32.2811,0.00073509784,1.17056e-7,-3.332099314
1416,3.51524173e-6,6.27155616e-6,3.318452e+7,32.036,0.000532927457,1.2039e-7,-13.25487884
1417,1.04852007e-6,6.33617611e-7,2.372073e+7,24.44616,0.00349586332,2.1142e-7,-87.03678557
1418,5.78845215e-6,8.01520264e-6,3.422947e+7,31.86688,0.000716527508,1.33311e-7,-27.08471185
1419,2.32946998e-7,8.00855456e-6,9.209402e+7,27.63406,0.00132194474,1.6025e-7,-7.235291393
1420,2.41049064e-6,3.35463186e-7,1.033372e+7,29.11043,0.00215762298,2.50308e-7,-63.79096627
1421,8.17772241e-6,4.17185784e-6,1.225895e+7,31.38826,0.000652209364,1.97393e-7,-32.01419007
1422,4.07605289e-6,8.14138184e-7,7262821,31.13416,0.00125321516,3.38135e-7,-25.83825582
1423,4.14895708e-6,1.47105357e-6,7.102336e+7,29.87834,0.0011008299,1.26846e-7,-5.610677003
1424,1.2575408e-6,7.54062045e-6,8.209684e+7,29.45798,0.000935798872,9.2135e-8,-0.2710093365
1425,2.15404269e-6,1.05457857e-6,8528374,33.13558,0.00111340286,2.2274e-7,-30.22068324
1426,5.81865163e-6,1.77953013e-6,7517501,32.24173,0.000622931399,2.47742e-7,-33.51554884
1427,7.232076e-6,6.48378732e-6,1.221272e+9,22.84306,0.00029828821,7.8527e-8,-3.576943318
1428,9.9382467e-6,5.48886211e-6,1.517419e+7,31.30726,0.000619790898,2.04166e-7,-19.80076815
1429,6.86255233e-6,6.36539607e-6,3.37768e+7,31.63062,0.000682223906,1.44769e-7,-16.51404129
1430,6.70132684e-6,8.26131817e-7,9.108535e+7,24.96834,0.00108728369,1.22896e-7,-13.5809104
1431,2.20944936e-6,3.58678047e-6,3.626372e+7,31.04988,0.00126355538,1.25723e-7,-26.04564909
1432,5.52160393e-6,7.009068e-6,2.780453e+8,25.30415,0.000715020625,8.4077e-8,-13.4131047
1433,4.80366654e-6,3.91942234e-6,2.951066e+7,28.94274,0.0010873813,1.38622e-7,-15.95991459
1434,9.7420574e-6,7.81224385e-6,1.843509e+7,30.56358,0.000272540342,,-108.8655516
1435,2.12533526e-6,1.89729383e-6,2.998018e+7,28.09682,0.00220707347,1.6644e-7,-55.48589602
1436,5.80504512e-6,4.10394102e-6,9.96943e+7,28.65597,0.00041141155,,-104.0041042
1437,5.50933536e-7,6.92994889e-6,6.052626e+7,22.98451,0.00213621852,1.03282e-7,-47.13286912
1438,1.94395056e-6,5.97040317e-6,6.236078e+7,30.62021,0.00085233227,1.11405e-7,-11.06561105
1439,8.10149632e-6,5.56341779e-6,2.147275e+8,25.46034,0.00212291071,,-145.3556933
1440,8.86548538e-6,3.87566626e-6,2.57674e+7,31.36794,0.000448498588,1.35822e-7,-31.15148823
1441,1.44432976e-6,8.40379286e-6,2.147548e+8,26.12219,0.00100013784,8.1166e-8,-1.938662069
1442,1.5221406e-6,8.47434896e-6,1.063688e+8,30.51345,0.000871700421,1.79149e-7,-0.9574207443
1443,9.0764947e-6,2.32755346e-6,6570099,31.25498,0.000780122264,2.96171e-7,-31.81143056
1444,6.95410426e-6,1.14983973e-6,1.238469e+7,29.90073,0.00108915804,2.10102e-7,-25.47311075
1445,4.0279492e-6,9.51601698e-6,3.626024e+8,27.19104,0.00187077284,,-133.6948459
1446,5.33984739e-6,2.01821643e-6,1.783072e+7,29.46757,0.0011977297,2.27089e-7,-10.27621441
1447,4.93391785e-6,4.40361086e-6,6.316908e+7,28.56611,0.000539775128,,-106.2667797
1448,4.03491215e-6,6.97691345e-6,1.743295e+7,32.3597,0.000819134355,1.45406e-7,-30.14475789
1449,7.59014584e-6,4.42215611e-6,2.130587e+8,25.4582,0.00638269585,,-201.1530938
1450,8.74701627e-6,1.12424185e-6,5.624174e+7,31.76185,0.000408376169,1.02246e-7,-27.08471185
1451,9.63407919e-6,7.44316179e-7,1.276198e+7,32.11363,0.000489602151,1.81036e-7,-35.18108686
1452,3.19279997e-6,3.92975297e-6,3.568694e+7,32.1949,0.000441750839,,-107.7621321
1453,7.47982556e-6,4.37627977e-6,1.295601e+8,28.04943,0.000975396958,,-100.9752541
1454,6.48639619e-6,7.1661926e-6,3.383998e+7,31.92687,0.00056861732,1.38192e-7,-30.14475789
1455,6.31811281e-6,5.29691355e-6,1.033391e+7,30.86241,0.000973504019,2.47124e-7,-24.0909786
1456,6.83511044e-6,2.0823596e-6,1.809727e+7,31.67371,0.00047391221,1.58514e-7,-28.11118258
1457,4.66726761e-6,5.54775104e-6,2.858385e+7,29.2865,0.000304370016,,-110.3235479
1458,1.51605064e-6,7.85815554e-6,2.575408e+7,30.50773,0.000464086629,,-105.549847
1459,2.22804029e-6,9.68263947e-6,3.996011e+7,32.55779,0.000516110301,,-104.4415204
1460,9.46258558e-6,7.99039698e-6,8.429114e+7,27.80034,0.000770337364,1.25317e-7,-1.099785656
1461,8.7101962e-6,2.03278517e-6,4.702993e+8,23.16705,0.000384865105,8.6844e-8,-8.96499336
1462,4.47077452e-6,4.15987833e-6,1.0713e+8,28.37594,0.000880886374,1.122e-7,-17.32605344
1463,3.73884131e-6,4.29526627e-6,5.319375e+7,31.63986,0.000687771552,1.08904e-7,-16.51404129
1464,5.85226896e-6,5.12187375e-6,1.478897e+8,28.21111,0.00137874982,,-109.7585857
1465,3.3152217e-6,1.22689481e-6,1.899982e+7,30.99261,0.00122156176,1.55971e-7,-20.76558369
1466,1.46739843e-6,3.50467981e-6,3.147511e+7,29.21152,0.00230775233,1.6547e-7,-52.08343251
1467,1.30871404e-6,2.96116725e-7,6.030813e+7,27.60889,0.00185750786,1.03552e-7,-41.75614811
1468,3.59718107e-6,5.66805123e-6,4.354831e+7,29.84838,0.00064511629,1.05916e-7,-16.58985128
1469,5.54799768e-6,4.31175391e-6,4.442582e+7,26.17238,0.00167571233,1.53482e-7,-26.32434045
1470,7.13357032e-6,5.6960665e-6,2.429218e+7,32.51007,0.000495110564,1.43259e-7,-29.13126125
1471,3.41481346e-6,8.95409259e-6,2.610316e+7,32.84841,0.000552916957,1.37825e-7,-22.91889965
1472,5.82435171e-6,2.67474884e-6,1.867726e+7,33.00628,0.000654738902,1.69633e-7,-25.49502802
1473,1.87160693e-6,1.58212399e-6,1.828295e+7,32.77266,0.00120386529,1.51452e-7,-27.22797631
1474,9.78625028e-7,2.89720717e-6,1.927362e+7,32.59726,0.00115982858,1.42608e-7,-12.16172407
1475,7.21440284e-6,9.0123259e-6,4.275619e+7,30.01931,0.000607259444,,-102.2218565
1476,7.96017812e-6,2.58311674e-7,2227728,30.79756,0.0016732819,9.90132e-7,-68.01115702
1477,6.46519897e-6,5.0184453e-7,2.284439e+7,31.47585,0.000753375128,1.65185e-7,-24.22817903
1478,8.44955071e-6,2.70403249e-6,2.309126e+7,31.33865,0.000441556279,1.47464e-7,-27.08471185
1479,4.41742877e-6,2.00401882e-6,3.951609e+7,24.83595,0.00198301203,1.50964e-7,-48.66972079
1480,7.50984516e-7,7.79291531e-6,5.679352e+7,27.98192,0.00189675115,1.66187e-7,-34.76736998
1481,9.88320337e-6,7.70164465e-6,2.754891e+7,29.2819,0.000420458315,,-104.8005688
1482,4.71200418e-6,3.11743929e-6,4.691778e+7,30.5934,0.000738668847,1.19301e-7,-26.05204458
1483,5.35907282e-6,6.00180517e-6,2.494127e+7,31.172,0.000475355984,1.41639e-7,-23.96892961
1484,7.0018585e-6,1.48144911e-6,1.167443e+7,32.1254,0.000555617696,1.94371e-7,-35.84770648
1485,7.27740433e-6,9.43922163e-6,2.092883e+7,30.23497,0.000267400149,,-111.0656111
1486,9.36385321e-7,6.01851687e-6,7.057477e+7,31.39006,0.00115672644,2.52118e-7,-4.602645728
1487,9.40010311e-6,9.09412009e-6,4.616662e+8,26.49114,0.000374390171,8.4979e-8,-8.411057666
1488,7.76845035e-6,2.17445407e-6,6.058017e+7,29.39704,0.000812104095,1.24581e-7,-13.55635793
1489,6.26046804e-6,4.7922922e-6,1.664297e+8,27.5035,0.00079855791,,-101.2481852
1490,3.45209269e-6,7.46693725e-6,1.481072e+8,27.32369,0.000580974076,,-101.3380751
1491,2.57580083e-6,1.82980101e-6,4.058582e+7,27.44318,0.00174422104,2.0136e-7,-29.85832454
1492,3.00279415e-6,4.45925248e-7,3.741802e+7,31.02134,0.00111144164,1.20222e-7,-9.966799462
1493,8.57353074e-6,8.43086669e-7,1.713088e+7,27.18867,0.00174891037,2.17135e-7,-42.05728543
1494,3.8904058e-6,5.41427394e-6,5.018011e+7,29.95699,0.000448561403,,-105.571352
1495,5.59567965e-6,9.28186418e-6,6.887827e+7,28.8903,0.000488669092,,-103.8869436
1496,7.21090992e-7,4.60230733e-6,1.962694e+8,27.63501,0.000851623975,8.6001e-8,-1.182439887
1497,7.3944144e-6,1.63025106e-6,1.083974e+8,28.42185,0.000364530255,9.4708e-8,-11.85466968
1498,5.33484667e-6,5.02996097e-6,1.370261e+8,29.10976,0.000458901835,8.7878e-8,-21.24809419
1499,5.93489677e-6,6.7438249e-6,1.909764e+7,32.92152,0.000556062445,1.61747e-7,-26.13939456
1500,9.26831316e-6,8.3547137e-7,1.991566e+7,28.94381,0.000617638533,1.60433e-7,-15.9810296
1501,8.58240977e-6,1.68987403e-6,4799723,30.78804,0.00118901824,4.34181e-7,-35.48731737
1502,7.66153732e-6,3.54487916e-6,2.988712e+7,26.72067,0.000295807603,,-112.7051291
1503,5.26564187e-6,7.56839972e-6,4.819679e+7,28.56118,0.000491490595,1.02387e-7,-10.68619705
1504,7.29083502e-6,5.80549177e-6,6.949251e+7,27.18354,0.000869019397,1.45229e-7,-1.408136918
1505,8.52587471e-6,1.40891519e-6,2.110494e+8,24.6141,0.000697322737,8.8265e-8,-8.242146226
1506,5.03454754e-6,2.05910122e-6,1.936964e+7,32.57864,0.000666698378,1.53917e-7,-32.15127375
1507,2.84258384e-6,8.03984921e-6,4.398794e+7,32.21729,0.000761531407,1.75615e-7,-6.330581147
1508,1.80725997e-6,5.37059369e-6,5.043889e+7,32.14581,0.000758806563,1.56246e-7,-4.441520372
1509,3.56284743e-7,7.93062622e-6,1.928039e+7,33.07711,0.00166114458,3.02507e-7,-29.72301045
1510,2.28581937e-6,4.40240396e-6,1.543128e+8,29.04006,0.00080916623,1.02512e-7,-0.4799663143
1511,6.78566999e-7,2.7160906e-6,4.270783e+7,31.88468,0.00153937964,2.1041e-7,-19.27933914
1512,6.36249301e-6,4.43904249e-6,1.267322e+7,32.48201,0.000642489619,2.10751e-7,-24.40051385
1513,5.97376151e-6,6.31312462e-6,3.143572e+7,29.29911,0.000532985181,,-107.0072512
1514,9.86754284e-6,5.76401226e-6,3.60808e+8,26.62575,0.000894088411,,-101.6869649
1515,4.59750756e-6,6.22145624e-6,2.120039e+8,24.46232,0.00781986345,,-202.5014991
1516,6.0760388e-6,3.28284428e-6,1.266099e+8,28.23209,0.000495734841,,-106.433779
1517,4.45620752e-6,4.05158785e-6,7.586863e+7,30.55061,0.000440472691,,-103.3320993
1518,2.53813579e-6,4.93301333e-6,1.646896e+7,31.08181,0.000716744272,,-100
1519,4.16124921e-6,6.39888415e-6,1.992999e+8,29.22237,0.000746995548,8.856e-8,-5.938660052
1520,7.64492218e-6,2.50487483e-6,1.506169e+7,32.38879,0.000584086093,1.77666e-7,-25.89665877
1521,2.1884514e-6,5.74944712e-6,2.719061e+7,32.59349,0.000588983201,1.2509e-7,-11.06561105
1522,2.03237614e-6,8.09267612e-6,6.141582e+7,26.90409,0.00102547437,1.15046e-7,-8.204639024
1523,4.49504771e-6,7.30163375e-6,3.124934e+7,29.95026,0.000409509411,,-107.7870021
1524,2.3553521e-6,5.93415276e-6,2.965267e+7,28.54144,0.000986477218,1.22952e-7,-10.69606653
1525,7.98138977e-7,6.44822679e-6,1.029751e+8,28.65906,0.00122189456,1.22766e-7,-1.715149711
1526,2.96124298e-6,5.49743269e-6,3.284146e+8,26.8821,0.000614276411,7.3717e-8,-2.669889109
1527,4.78343648e-6,4.22164694e-6,8.458551e+7,26.03707,0.00104510746,1.34658e-7,-1.98120572
1528,8.28241323e-6,9.60014958e-6,1.101875e+8,28.41933,0.000416295937,,-106.3401656
1529,7.52919591e-6,3.98742917e-6,7.20348e+7,28.92879,0.00070678555,1.42959e-7,-1.646665267
1530,6.27338259e-6,1.31656364e-6,3.663804e+7,25.02074,0.00133547111,1.56533e-7,-9.202557885
1531,2.10416953e-6,7.63973397e-6,1.891929e+8,28.78493,0.000724740915,8.1223e-8,-3.939626839
1532,4.52632205e-6,8.4437554e-6,2.852861e+7,31.16783,0.000293082251,,-116.5140413
1533,4.88057407e-6,6.13545555e-6,3.058171e+7,32.68933,0.00055472924,1.23631e-7,-25.01338174
1534,4.48237515e-6,8.81179783e-6,1.104885e+8,29.57089,0.000367514169,,-107.9766867
1535,3.23860292e-6,4.28239568e-6,3.185569e+7,31.33994,0.000933073774,1.25596e-7,-27.08471185
1536,5.73737604e-6,9.27476941e-6,1.119111e+8,24.5522,0.000944820998,1.20132e-7,-2.723226522
1537,4.12846315e-6,8.16660062e-6,2.895063e+8,28.78548,0.000472713291,,-100.6072525
1538,3.85866529e-6,4.44731427e-6,2.357548e+7,33.0108,0.000642437373,1.48246e-7,-16.51404129
1539,2.59741894e-6,8.32105402e-6,7.42045e+7,31.26894,0.00081904902,,-100
1540,4.84499804e-6,8.97009782e-6,3.705881e+7,32.03527,0.000683154453,,-109.9667995
1541,3.46067201e-6,1.36072809e-6,3.473477e+7,25.58369,0.000638002659,9.7436e-8,-7.757643186
1542,9.430054e-7,7.33861958e-6,4.595984e+7,27.75267,0.00186857596,1.06542e-7,-33.31565051
1543,7.76567193e-6,8.82070701e-6,2.330951e+7,31.50626,0.000414413265,1.36112e-7,-29.13126125
1544,4.69392388e-6,2.08946788e-6,1.300915e+7,29.72347,0.00132672812,2.0645e-7,-30.60199374
1545,2.69373168e-6,3.21054061e-6,7.382425e+7,25.30415,0.00154282699,1.34894e-7,-23.7158644
1546,9.0619623e-6,5.66300744e-6,1.455161e+7,30.75074,0.000645060971,2.01141e-7,-20.72416357
1547,3.25843661e-6,4.21417174e-6,6.58549e+7,29.17423,0.000503939494,,-105.9627297
1548,5.13785693e-6,8.39091844e-6,1.077966e+8,29.18583,0.00144019277,,-112.3100248
1549,1.13164253e-6,7.53871022e-6,8.070077e+7,24.39854,0.00145869069,1.26011e-7,-15.61370354
1550,2.07454133e-6,4.71112151e-7,1.092285e+7,31.67941,0.00107510326,2.04339e-7,-19.80941392
1551,2.06128981e-6,5.59227647e-6,2.919231e+7,32.60262,0.000733017877,1.34951e-7,-17.59282705
1552,2.66328354e-6,7.62824909e-6,1.357955e+8,26.88245,0.00106103418,9.5491e-8,-14.8135276
1553,3.71727569e-6,2.25640795e-6,2.004086e+7,33.08657,0.000660003223,1.73934e-7,-16.12797824
1554,5.5354904e-6,7.13767637e-6,3.597034e+7,32.43248,0.000437878424,1.28228e-7,-19.73753202
1555,2.05669907e-6,1.72670686e-6,3.923549e+7,30.02362,0.00138352102,1.19988e-7,-25.61484096
1556,5.42623968e-6,2.22194994e-6,4.01967e+7,29.40043,0.000531209564,,-104.7413045
1557,5.15348588e-6,9.82232165e-6,1.624441e+8,27.54272,0.00221955311,,-148.1667114
1558,5.09929007e-6,6.48663317e-6,1.887273e+7,31.12304,0.00081716748,1.59321e-7,-29.13126125
1559,9.51818357e-6,7.17961878e-6,2.468098e+7,30.09875,0.000267197654,,-112.1617241
1560,9.58844734e-6,2.9807689e-6,4.662393e+7,28.52446,0.00056772239,,-100.7377566
1561,2.89398128e-6,1.61801516e-6,4.341003e+7,29.28777,0.00143069264,1.8731e-7,-13.15593276
1562,7.19117122e-6,1.64311141e-6,9704975,30.57969,0.000857605674,2.60758e-7,-22.62646923
1563,4.9493179e-6,7.24926082e-6,1.444779e+8,24.30121,0.000815709066,,-102.8486241
1564,8.92529659e-7,2.55260283e-6,2.075572e+7,29.91241,0.00130768896,1.07428e-7,-6.484254188
1565,7.74575131e-7,1.96809412e-6,2.115685e+7,32.52525,0.00189253556,1.38823e-7,-49.77572765
1566,1.81720506e-6,6.88305558e-6,2.977495e+7,32.18629,0.000539098926,,-106.6568077
1567,8.51980984e-6,7.82131581e-6,1.287271e+7,32.4091,0.000561755168,2.10511e-7,-26.49394278
1568,6.13474538e-6,4.50946824e-6,2.476107e+7,29.51341,0.00104571513,1.57188e-7,-18.91069819
1569,8.62622893e-6,6.33439034e-6,3.843422e+7,32.14649,0.000458679586,1.26458e-7,-25.01338174
1570,1.05174017e-6,4.61448669e-6,9.960997e+7,26.21356,0.000879202644,,-101.8929938
1571,7.42739987e-6,7.91397218e-6,5.661356e+7,29.71136,0.000673556681,,-102.3661764
1572,9.76991453e-6,4.09006473e-7,2.280189e+7,30.12385,0.000649098443,1.61445e-7,-19.80978201
1573,5.4861305e-6,6.28859826e-6,5.108127e+7,31.06835,0.000360686714,,-108.8655516
1574,3.93697335e-6,6.67256197e-6,2.255117e+7,31.99816,0.000818732642,1.39071e-7,-25.01338174
1575,2.74816401e-6,2.55655023e-6,3.928014e+7,31.44956,0.000642210687,1.28451e-7,-17.59282705
1576,9.71034762e-6,6.85801604e-6,1.282509e+8,27.08848,0.00245218422,,-156.9566149
1577,5.98745036e-6,7.51597529e-6,2.199942e+7,29.80411,0.000388590671,,-110.0647444
1578,3.69732101e-6,1.12903891e-6,2.158702e+7,31.66013,0.000882165557,1.91105e-7,-8.211932268
1579,9.35301796e-6,8.56796511e-6,7.557769e+7,27.99185,0.000947361103,,-101.0040413
1580,5.27450556e-6,5.53947478e-6,9.380321e+7,29.5328,0.000677325534,1.00313e-7,-22.09710794
1581,7.72835992e-6,4.027356e-6,1.578504e+8,25.19494,0.00285090017,,-170.1775795
1582,5.16777406e-6,9.10648898e-6,3.026622e+7,31.22126,0.000284524659,,-118.6674037
1583,1.36730006e-6,3.40620498e-6,5.789704e+7,30.1953,0.000678587206,,-100
1584,4.4582443e-6,5.7377918e-6,1.045256e+8,27.86603,0.00102850919,,-101.0669445
1585,9.94553114e-6,3.63313463e-6,7.922244e+7,29.52431,0.000582091629,,-100.2378446
1586,5.30115257e-6,1.12262483e-6,1.420851e+7,29.77317,0.0012948871,2.77365e-7,-16.21569485
1587,7.12023815e-6,7.32959499e-6,4.488871e+7,30.9801,0.000283955355,,-123.9689296
1588,5.09824564e-7,7.01799044e-6,5.171956e+7,27.50079,0.00192644666,,-136.010596
1589,8.15077698e-6,5.46594671e-6,2.000154e+7,31.62382,0.000435577359,1.58873e-7,-31.15148823
1590,1.37590783e-6,6.54955378e-6,2.607987e+7,32.86688,0.000939036671,1.33614e-7,-9.966799462
1591,6.49994184e-6,4.0368749e-6,3.86552e+7,30.1737,0.00042079506,1.17838e-7,-19.73753202
1592,9.56508936e-6,9.1465094e-6,1.712422e+7,32.82445,0.00033700194,1.64956e-7,-29.37906074
1593,3.76355035e-6,1.99216514e-6,1.367863e+8,27.59656,0.000806591787,8.9531e-8,-2.312727544
1594,1.82315844e-6,8.0827418e-6,9.448315e+7,25.02712,0.00105904051,9.32e-8,-2.485927722
1595,5.32383177e-6,2.63672125e-6,3.781574e+7,30.86037,0.00090634276,1.65824e-7,-5.841046188
1596,9.10964132e-7,1.8513524e-6,9065503,33.00675,0.00215546291,2.11193e-7,-68.82496327
1597,5.79546649e-6,2.87671706e-6,3.085622e+7,32.53969,0.000436013215,1.18793e-7,-22.91889965
1598,1.50728226e-6,8.51790753e-6,2.211115e+8,26.34293,0.00151487594,,-117.3945417
1599,8.32826906e-6,6.66973393e-6,4.389549e+7,30.55986,0.000475754477,1.24037e-7,-28.11118258
1600,4.0679804e-6,6.72163814e-6,1.087413e+7,32.7659,0.000755006065,1.79739e-7,-33.13819171
1601,7.75169203e-6,1.60512303e-6,9.358243e+7,26.35238,0.00093559348,1.18433e-7,-15.07848665
1602,9.74714948e-6,2.82094447e-7,4246587,30.74601,0.00135444022,5.10473e-7,-44.74098085
1603,7.63231841e-6,5.51206543e-6,3.068916e+7,32.47772,0.000312543874,1.7683e-7,-24.81040975
1604,7.88713184e-6,8.8557804e-6,1.799379e+7,31.53523,0.000627165283,,-105.549847
1605,2.42222011e-6,1.39159391e-6,6.541239e+7,22.72089,0.00121224434,1.3539e-7,-4.200160072
1606,1.07333633e-6,6.62647107e-6,4.392804e+7,29.434,0.00126490555,1.04112e-7,-4.588255276
1607,5.18903688e-6,6.23299246e-6,1.220203e+8,27.02692,0.000937723317,9.6512e-8,-4.818529825
1608,1.14913613e-6,5.77767214e-6,3.483071e+7,32.99356,0.000847289811,2.23086e-7,-3.153254281
1609,6.41304978e-6,2.12945521e-6,3.325716e+7,28.13475,0.00131083925,1.5227e-7,-11.9688925
1610,8.74186949e-6,9.41512552e-7,7294057,30.3122,0.00106318274,3.05925e-7,-25.95073392
1611,2.38571106e-6,9.46841248e-6,2.718412e+7,32.31874,0.000640063683,1.40478e-7,-12.16172407
1612,2.95774067e-7,2.39527149e-7,1.373138e+7,31.62492,0.00615429091,1.68124e-7,-106.7662018
1613,6.58816037e-6,4.09996325e-6,2.925059e+7,32.03241,0.000554694828,1.37892e-7,-34.12932565
1614,1.09829667e-6,7.32260193e-6,5.423422e+7,28.37199,0.00140044923,1.10675e-7,-11.86458637
1615,4.25340005e-6,9.38473052e-6,3.01568e+8,27.01096,0.00178408834,,-129.8499536
1616,7.20263822e-6,2.85618858e-6,3.626642e+7,28.95838,0.000672697401,,-100.5208053
1617,7.04308753e-6,3.99097946e-6,9.204752e+7,27.55382,0.00133387729,,-107.857135
1618,5.96295282e-7,3.0817796e-6,2.381061e+7,32.30936,0.00160716396,1.31355e-7,-21.14460792
1619,1.71886156e-6,3.42969076e-6,2.438097e+7,31.31258,0.00152781666,1.47463e-7,-39.11582363
1620,2.55236216e-6,5.91795553e-6,8.054585e+7,29.68113,0.000720534243,9.4269e-8,-15.59072438
1621,9.46961255e-6,2.0473235e-6,2.189608e+7,31.73719,0.000232785895,,-118.6674037
1622,7.9182718e-6,3.29377833e-6,6027866,31.70682,0.000731678615,3.18956e-7,-30.85000707
1623,4.92261389e-6,1.16699689e-6,2.374305e+7,28.13727,0.00127159389,1.93744e-7,-12.80341478
1624,9.54740131e-7,3.64057579e-6,3.406351e+7,27.60189,0.00165260816,,-123.4033018
1625,7.3328485e-6,3.76735858e-6,1.961534e+7,29.23602,0.00045109894,,-100.3819881
1626,5.67644675e-6,2.24423235e-6,4.580369e+7,24.47899,0.00153019065,1.89949e-7,-20.56962922
1627,5.37482495e-6,8.83655224e-6,2.392943e+7,32.50646,0.000726327353,1.76044e-7,-15.14700135
1628,6.28767472e-6,9.43246786e-6,7.441136e+7,30.54382,0.000666062855,9.8122e-8,-29.13126125
1629,9.44034146e-6,7.2086601e-6,8710083,32.74981,0.000467636429,2.28542e-7,-32.55702016
1630,4.54126062e-6,7.2334719e-6,4.14313e+7,29.13553,0.000329624219,,-113.6871111
1631,2.80673379e-6,2.65305033e-6,2.816779e+7,30.02593,0.00117951124,,-100
1632,7.49113949e-6,2.64487381e-7,9829405,33.07591,0.000499043868,2.12442e-7,-31.75276048
1633,9.64206872e-6,8.50001379e-6,4.072798e+7,29.6247,0.000417367241,,-107.9497818
1634,8.14204233e-6,7.52674303e-6,3.676404e+7,29.88593,0.000529279986,1.41424e-7,-21.92054336
1635,9.67471923e-6,5.22417714e-6,3.061003e+7,29.02076,0.000299933501,,-108.2517481
1636,5.19521664e-6,5.84369986e-7,4.601112e+7,23.40087,0.00184891325,1.52119e-7,-42.36851294
1637,3.35284837e-6,4.88110894e-6,6.916636e+7,27.27054,0.00128507935,1.70903e-7,-6.111282378
1638,8.89873199e-6,9.17022378e-6,4.850893e+7,29.19198,0.000270817787,,-111.4696189
1639,9.25467276e-6,9.40708299e-6,4.589387e+8,27.40467,0.00038093207,7.5948e-8,-19.96499583
1640,5.57574643e-6,3.18121104e-6,5.007343e+7,31.68759,0.000501945346,,-108.8655516
1641,1.61473723e-6,5.83672172e-6,3.536138e+7,31.62798,0.00131462906,1.21172e-7,-27.53885617
1642,7.3146786e-6,8.62056371e-6,6.036226e+8,23.47077,0.00641981646,,-202.1865393
1643,8.70733868e-6,3.35964489e-6,3.84763e+8,24.96516,0.00185436227,,-134.0704366
1644,7.8237397e-6,4.30728138e-6,8356960,32.02719,0.000583979038,2.31087e-7,-35.70412772
1645,9.30040293e-6,1.98775482e-6,1.040628e+7,31.61122,0.000520563885,2.03742e-7,-33.33823957
1646,1.33187042e-6,5.26040595e-6,5.019397e+7,31.14455,0.00112886036,1.16946e-7,-5.549847011
1647,6.10518636e-6,3.65551848e-6,1.925053e+8,27.85423,0.000448762342,9.0254e-8,-6.622690847
1648,6.15780334e-6,1.46169072e-6,5.780414e+7,24.36704,0.00150337228,1.37406e-7,-26.68575475
1649,2.8083179e-6,3.94674048e-6,2.364741e+7,32.83149,0.000787554725,1.35796e-7,-30.14475789
1650,6.14976613e-6,4.82580787e-6,6.290379e+7,30.04595,0.000509704553,1.29573e-7,-9.966799462
1651,7.69197692e-6,5.5565141e-6,2.584515e+8,26.58669,0.000614801987,8.7787e-8,-2.81755471
1652,2.955432e-6,6.87639537e-6,5.310917e+7,30.09196,0.00127116264,1.10352e-7,-18.93798303
1653,3.40354637e-6,4.19602433e-6,1.695277e+7,33.51818,0.000819209914,1.86548e-7,-18.92014909
1654,9.49497126e-6,7.71033433e-6,9.652068e+7,29.01582,0.000679503644,,-103.8241853
1655,3.84308937e-6,3.94235183e-6,2.478075e+8,28.10148,0.000807662124,7.3015e-8,-16.380521
1656,1.61880222e-6,4.4423714e-6,5.732706e+7,31.91315,0.000832993516,1.25355e-7,-3.332099314
1657,1.30356121e-6,5.13774612e-6,2.452427e+7,28.61419,0.0010165129,1.04375e-7,-2.914750408
1658,4.77092444e-6,8.51677868e-7,2.934695e+7,25.14695,0.00181349614,1.89921e-7,-33.62398646
1659,1.31714479e-6,7.9550862e-6,4.105251e+7,32.19759,0.000706261776,1.68647e-7,-2.654203803
1660,9.29067616e-6,4.27515834e-6,4.441353e+7,31.99716,0.000394265347,1.18964e-7,-25.01338174
1661,4.72690219e-6,2.21054268e-6,1.737469e+7,31.41923,0.000915747449,1.86935e-7,-20.01407225
1662,8.01548972e-7,9.90456341e-7,3.764631e+7,31.08584,0.00215587501,1.42505e-7,-44.41890478
1663,7.91459507e-6,3.00327014e-7,6836961,29.02341,0.00156656084,4.40387e-7,-39.1504962
1664,1.26501357e-6,2.10048166e-6,2.12902e+7,32.56719,0.00149167952,1.57565e-7,-26.59422069
1665,9.89658385e-6,2.4097612e-6,5.64863e+7,29.75953,0.000576925801,,-103.4523343
1666,2.78384699e-6,4.7543971e-6,2.28786e+7,33.1654,0.000745713669,1.67044e-7,-17.94502559
1667,7.03655079e-6,4.68301251e-6,6.392279e+7,30.91521,0.000343853005,1.04987e-7,-16.51404129
1668,2.22092067e-7,9.77573097e-6,9840985,30.94478,0.00235705849,1.7011e-7,-52.62865275
1669,6.3554063e-6,9.60317398e-6,2.850232e+7,32.33282,0.00059854083,1.41398e-7,-27.08471185
1670,1.48753968e-6,6.84213e-6,7.577569e+7,28.15582,0.000925231426,1.05216e-7,-0.9220638673
1671,2.7192667e-6,8.82738267e-6,4.440958e+7,31.50261,0.000872061102,1.99369e-7,-3.079261183
1672,5.88404507e-6,4.59019461e-6,2.090628e+7,31.03003,0.000897322157,2.02102e-7,-10.97034068
1673,1.49519887e-6,8.45124605e-6,2.557971e+7,32.43226,0.000835614355,1.26146e-7,-6.65680765
1674,6.84686711e-6,7.49313234e-6,1.255022e+8,23.60562,0.000902815509,1.44608e-7,-3.196101053
1675,8.79812519e-6,5.68104954e-6,1.043422e+8,30.64467,0.000412557984,9.654e-8,-29.13126125
1676,9.14494276e-6,7.60641879e-6,3.654308e+7,31.24132,0.000311004796,1.52959e-7,-22.91889965
1677,9.81732599e-6,7.63464126e-6,4.430936e+7,29.30201,0.000410718669,,-110.315793
1678,3.82898418e-6,4.01953317e-6,1.311839e+8,27.01552,0.000861987412,1.09855e-7,-1.492129247
1679,8.72596721e-6,4.119626e-7,2.197499e+7,30.08914,0.000806264677,1.72317e-7,-19.28324588
1680,9.62598188e-6,9.90627192e-6,1.20386e+8,29.88248,0.000350590507,1.00442e-7,-24.0276896
1681,9.56019828e-6,9.10548213e-6,5.222324e+7,29.63138,0.000461849525,1.03221e-7,-24.1532394
1682,6.38977702e-6,8.42666064e-6,2.198087e+8,27.31082,0.000520361195,,-104.6766083
1683,2.95259975e-6,3.15809267e-6,1.186501e+8,29.36094,0.000738679864,8.7512e-8,-10.28632838
1684,1.26771905e-6,6.98444457e-6,2.326097e+7,31.60077,0.000964842395,1.25784e-7,-6.65680765
1685,2.51858998e-6,6.62918196e-6,2.656008e+7,30.95338,0.000946628468,,-102.2218565
1686,2.92307843e-6,8.92725851e-7,3.345872e+7,30.52272,0.000422156789,,-109.9667995
1687,7.12797953e-7,3.39280339e-6,1.907808e+7,29.1522,0.000793709856,,-102.645754
1688,7.08421291e-6,1.67457781e-6,8.351176e+7,29.04134,0.00040534585,,-104.9208467
1689,8.47076872e-6,8.43310442e-6,3.211937e+7,29.24418,0.000905530969,1.96683e-7,-3.322917941
1690,2.68715905e-6,3.1019461e-6,4.784251e+7,31.3905,0.000967456632,1.19546e-7,-16.51404129
1691,2.31120906e-6,2.78492215e-6,3.290878e+7,32.96233,0.00068557706,1.93238e-7,-9.423879067
1692,4.14429603e-6,5.0025235e-6,2.826576e+7,31.83626,0.000307757359,,-112.1617241
1693,8.36946017e-6,6.5062176e-6,4.947428e+7,30.80889,0.00029608734,1.55526e-7,-14.34481856
1694,8.77817705e-6,6.52508267e-6,2.385323e+7,31.01318,0.000588180703,,-104.4415204
1695,5.27971079e-6,4.63110216e-6,1.289881e+8,27.98289,0.000660471019,1.05493e-7,-1.008520805
1696,1.41905477e-6,2.18280735e-6,1.454649e+7,30.80654,0.00246825125,2.45997e-7,-64.79309109
1697,7.01685977e-6,2.24125106e-6,3.579485e+7,30.95375,0.000542181403,1.17697e-7,-29.13126125
1698,5.22322489e-6,8.04057648e-7,6862296,31.80829,0.000804878731,2.69626e-7,-34.60707838
1699,4.76447959e-6,4.170849e-6,3.172155e+7,30.82502,0.000274838031,,-115.4312895
1700,6.07858981e-6,9.92594992e-6,2.530992e+7,32.01848,0.00069547339,1.6565e-7,-15.71378876
1701,5.55735139e-6,1.32935494e-6,1.429524e+7,30.05186,0.00118556688,2.80543e-7,-11.56970942
1702,6.94797386e-6,7.30488948e-6,4.769835e+7,29.66817,0.000490621024,1.14623e-7,-20.96889198
1703,8.13552072e-6,6.55334315e-6,4.016839e+7,29.58984,0.000232011031,,-112.3668038
1704,8.8735831e-6,3.61613025e-6,1.563507e+7,32.71919,0.000484157208,1.73031e-7,-28.76272336
1705,3.8031331e-6,1.91750926e-6,1.855133e+8,27.6178,0.000785673535,8.6987e-8,-13.35276774
1706,1.78193738e-6,5.1690394e-6,3.414912e+7,32.90816,0.000599456621,2.092e-7,-6.901024261
1707,2.4511914e-6,9.63181658e-6,8.71817e+7,30.26064,0.000911845369,9.445e-8,-11.06561105
1708,2.94883115e-6,1.94760001e-6,4862754,32.62974,0.0011240767,3.70482e-7,-34.45434716
1709,8.07139081e-6,4.83662365e-6,4.860293e+7,31.04405,0.000303944088,,-108.8655516
1710,7.980745e-6,8.82640499e-6,1.894811e+8,28.04604,0.00062321616,,-100.9769489
1711,8.87873866e-6,5.43020211e-6,4.089193e+7,29.28903,0.000228786496,,-111.4210946
1712,1.03135331e-6,7.04592697e-6,6.789098e+7,28.35344,0.000733297357,,-100.8232614
1713,9.22263015e-6,2.49134758e-6,1.659898e+7,29.85001,0.00080208608,2.16832e-7,-13.98144145
1714,2.03699046e-6,1.65345575e-6,1.021709e+7,32.43167,0.00138719132,2.29031e-7,-32.47047635
1715,8.8397399e-6,9.32703214e-6,4.595361e+7,28.70921,0.000783457052,,-101.7564514
1716,2.78818905e-6,3.03671812e-6,1.537915e+8,27.6539,0.00067117705,1.04383e-7,-1.172996197
1717,5.33293171e-7,3.3873947e-6,1.885466e+7,32.98315,0.00142124381,1.71376e-7,-11.5366848
1718,4.60970923e-6,6.66972228e-7,1.613514e+7,31.53551,0.00071705789,1.80943e-7,-20.78464375
1719,5.48996654e-6,4.1682805e-7,4733762,31.55876,0.000853122676,3.79167e-7,-32.77820344
1720,3.43089804e-6,1.79015323e-6,5.90912e+7,22.66995,0.00154775803,1.85436e-7,-22.10135397
1721,4.66886384e-6,1.7415347e-6,8.082574e+7,25.54012,0.00108303829,,-102.2295705
1722,2.54563132e-6,2.38200254e-6,1.119324e+8,25.70808,0.00118847484,1.058e-7,-14.30735471
1723,8.82166635e-6,6.71681963e-6,5.411205e+7,29.49596,0.000320154425,,-110.2188189
1724,6.80370429e-6,8.27331941e-6,1.76377e+7,32.77956,0.000426798491,1.50988e-7,-35.1072646
1725,4.80583173e-7,1.07057675e-6,6407244,32.51196,0.00462164415,3.16653e-7,-111.4521755
1726,2.98499404e-6,4.23712625e-6,1.162792e+7,32.10816,0.00113426741,2.09748e-7,-24.3503955
1727,8.6601617e-6,6.6764989e-6,7.63977e+7,27.81888,0.00084357009,1.25365e-7,-6.640363779
1728,4.4962696e-6,3.15433471e-7,2.093475e+7,27.45417,0.00166859516,2.61948e-7,-29.32871686
1729,2.31907644e-6,2.32379283e-6,3.685308e+7,30.63271,0.00118595235,1.10701e-7,-19.73753202
1730,6.51340357e-6,1.25081001e-6,4.791839e+7,30.08781,0.000729090737,1.19911e-7,-27.08471185
1731,3.47656238e-6,9.87790434e-6,8.186307e+7,28.33825,0.000402175208,,-103.0527124
1732,7.82577999e-6,2.43867135e-6,1.794496e+7,30.85576,0.000278920991,,-109.9667995
1733,5.78209303e-6,9.95415821e-6,2.116565e+8,27.77448,0.000540046637,,-101.1127141
1734,3.32979999e-6,5.73244571e-6,7.157066e+7,29.08277,0.000498918852,,-101.5696772
1735,1.94928547e-6,4.0436847e-6,3.920288e+8,25.00899,0.00126877725,,-105.8825528
1736,5.39850577e-6,7.43769874e-6,1.955164e+7,33.18828,0.000644387374,1.58062e-7,-28.11118258
1737,3.61524088e-6,1.35043106e-6,2.275647e+7,30.55611,0.00124167601,1.70968e-7,-15.83679356
1738,6.47635304e-6,7.40888701e-6,1.47356e+8,26.73762,0.00171249479,,-126.6624097
1739,8.85955102e-6,1.09440254e-6,5257183,31.3404,0.000808305937,3.666e-7,-32.1569211
1740,5.46268878e-6,1.23667778e-6,4260662,32.03327,0.00083592307,3.94191e-7,-39.76750654
1741,4.97945879e-6,8.04330479e-6,3.732258e+7,30.70893,0.000474115322,1.22121e-7,-23.96892961
1742,3.5075604e-6,7.51173484e-6,1.721803e+7,32.49751,0.000691940456,1.51124e-7,-30.14475789
1743,8.18820726e-6,6.08782591e-6,3.727881e+7,31.4915,0.000260806157,,-115.4312895
1744,4.26159072e-6,1.70619266e-6,1.188597e+7,31.30427,0.00076676277,1.96935e-7,-23.71004845
1745,3.81266521e-6,3.36488776e-6,4.418653e+7,31.50051,0.000873787073,1.10115e-7,-22.91889965
1746,9.01120152e-6,6.59255607e-6,2.816041e+7,29.63548,0.000444148366,,-102.4041163
1747,3.17055063e-6,1.44521641e-6,3.874058e+7,28.99917,0.000398422695,,-107.1572185
1748,6.96249656e-6,6.91746941e-6,4.709402e+7,31.31863,0.000403241422,1.4143e-7,-11.06561105
1749,6.2092145e-6,9.47026824e-6,8.3147e+7,30.38985,0.0005269326,1.20644e-7,-26.05204458
1750,3.49666849e-6,2.46209056e-6,3.481012e+7,27.97742,0.00175388074,1.45128e-7,-43.40328244
1751,7.84837086e-7,2.47871298e-6,1.966502e+7,25.15802,0.00342898849,2.184e-7,-85.88666387
1752,4.24467141e-7,4.78370115e-6,1.386198e+7,31.17433,0.00169630983,1.34447e-7,-24.2712986
1753,9.19346317e-6,7.03973816e-6,1.961699e+8,29.17182,0.00028986206,8.1515e-8,-16.92812893
1754,3.20749062e-6,6.2568013e-6,3.423484e+7,32.03974,0.000865769247,1.62365e-7,-6.775057595
1755,5.94711329e-6,5.64273207e-6,4.42291e+7,31.35225,0.000464159876,1.1628e-7,-21.86350837
1756,9.78881714e-6,9.85785801e-6,1.396635e+8,28.71233,0.00080881706,,-102.8656826
1757,1.41138706e-6,4.17927536e-6,4.167274e+7,26.65703,0.00208868899,1.81076e-7,-44.40769648
1758,1.53706307e-6,4.53655348e-6,4.042393e+7,31.97658,0.000705918947,9.8585e-8,-5.549847011
1759,9.40834617e-6,4.69387349e-6,6537262,32.46214,0.000489508818,2.69628e-7,-35.62067472
1760,7.12867171e-6,4.3391843e-6,4.675677e+7,32.10013,0.000442573484,1.04455e-7,-23.96892961
1761,7.06239346e-6,5.90578921e-6,1.341799e+8,28.6158,0.000355566951,8.2121e-8,-21.49506608
1762,6.68893149e-6,3.66854844e-6,1.375265e+8,23.08065,0.000837807166,1.04073e-7,-10.11510298
1763,3.37777738e-6,3.60879861e-6,1.103362e+7,31.91751,0.00110380166,2.32672e-7,-20.14604298
1764,7.50700867e-6,4.36616764e-6,2.223133e+8,26.53554,0.00206488913,,-142.4265694
1765,6.07140508e-6,2.58395513e-6,5.122128e+7,30.23428,0.000733377039,1.22344e-7,-28.11118258
1766,3.58980831e-6,5.00961057e-6,8.110568e+7,30.76445,0.000541573495,1.14971e-7,-8.865551578
1767,4.15378835e-6,5.5451797e-6,4.660404e+7,25.21617,0.000532341536,8.886e-8,-7.941305957
1768,7.65252725e-6,8.6379046e-6,2.003702e+7,31.49262,0.000473612279,,-106.6568077
1769,4.34846647e-6,3.75028906e-6,6.572402e+7,29.00924,0.000560462072,,-101.6064413
1770,8.8807847e-6,4.50299157e-6,2.391679e+7,29.25953,0.000879604218,1.5806e-7,-20.10776533
1771,2.9394257e-6,8.19552122e-6,1.642947e+8,24.27493,0.00221797285,1.05186e-7,-49.73825882
1772,7.90099717e-6,7.13095263e-6,7.520557e+7,28.21311,0.000843521952,1.66815e-7,-1.234169909
1773,5.12683994e-6,9.29029487e-6,3.324983e+7,29.70588,0.000556558149,,-106.8038675
1774,7.01394474e-6,9.71971018e-7,8674356,30.86118,0.000772146935,2.38914e-7,-29.99569823
1775,2.45073025e-7,8.13813151e-6,1.63551e+7,30.99698,0.00220463129,1.44562e-7,-46.35438683
1776,7.68816149e-7,7.42203311e-6,3.133647e+7,32.4952,0.00128521388,1.6706e-7,-4.561205807
1777,3.26723326e-6,9.74536221e-6,7.104188e+7,29.74913,0.00119149815,1.22919e-7,-5.675281945
1778,5.43451088e-6,9.49994897e-7,2.215009e+7,24.58637,0.00159169221,1.97436e-7,-23.86760004
1779,7.17954956e-6,9.82092412e-7,4.223149e+7,29.12367,0.000952715235,1.55411e-7,-5.988009207
1780,6.30293767e-6,7.38441255e-6,3.117753e+7,29.39919,0.000303953806,,-113.5552829
1781,6.58420636e-6,8.7596768e-6,8.733504e+7,27.06703,0.00132797324,,-107.8065259
1782,5.46750791e-6,2.65956795e-6,3.034962e+7,31.82668,0.000518513781,1.29885e-7,-21.86350837
1783,6.63095353e-6,6.11129674e-7,3.077185e+7,29.97373,0.000833424378,1.41636e-7,-27.09784685
1784,6.61308062e-7,1.49054234e-6,2.585262e+7,31.5214,0.00234775284,1.41572e-7,-66.12828063
1785,4.82699307e-6,9.18719258e-6,2.148885e+7,31.06848,0.000442643813,,-106.6568077
1786,1.44094173e-6,9.35407361e-6,2.724586e+7,28.01662,0.000560083288,,-103.213514
1787,9.62889935e-6,5.28970872e-6,1.171532e+8,28.15554,0.00150309875,,-115.9133025
1788,5.32790397e-6,8.91746501e-6,4.672774e+7,31.93856,0.000425475746,1.57639e-7,-18.66740367
1789,1.8916312e-6,7.15329766e-6,8.725855e+7,30.026,0.000830842957,9.4628e-8,-6.65680765
1790,2.27327464e-6,9.71026344e-6,3.591074e+8,24.21792,0.000598965156,,-102.8902348
1791,7.60833327e-6,7.55271527e-6,1.13612e+8,26.77822,0.000767725176,,-101.6107507
1792,8.28749752e-7,3.29146295e-6,9.421808e+7,26.47897,0.00126597964,,-105.0081722
1793,1.27426814e-6,4.64855351e-6,7.522333e+7,29.73421,0.0011189577,9.4183e-8,-1.24396031
1794,4.68586628e-6,3.84826162e-6,1.713787e+7,32.41399,0.000722511362,1.6096e-7,-28.15918258
1795,3.28595841e-6,2.33269813e-7,2999703,31.89481,0.00124862152,5.57006e-7,-45.94317732
1796,4.38464755e-6,6.24703544e-6,3.693292e+7,31.93101,0.000377852895,,-115.4312895
1797,3.65533362e-6,7.67997687e-6,1.198035e+8,29.82414,0.000471822052,1.06529e-7,-8.953481555
1798,2.59499158e-7,3.47433782e-6,1.743588e+7,30.77866,0.00288643558,1.40193e-7,-68.72459026
1799,9.37735891e-6,7.64461265e-6,4.325063e+7,28.05296,0.00019797095,,-109.8390408
1800,7.15592986e-6,8.63489531e-6,9.476214e+7,29.52037,0.000569685595,,-105.7896616
1801,6.03683075e-6,3.71059091e-6,1.403714e+7,32.94458,0.000592972872,1.79875e-7,-30.12497853
1802,5.30095517e-6,7.23072701e-6,3.984545e+7,29.36319,0.001131073,1.44299e-7,-14.66322248
1803,2.14444883e-6,8.41956015e-6,5.868344e+7,31.14979,0.000576175374,,-107.7621321
1804,3.96675103e-6,2.51918801e-6,2.835707e+7,32.38162,0.000749695026,1.30838e-7,-27.08471185
1805,1.35810365e-6,6.36781994e-6,5.005299e+7,30.66604,0.00178894025,1.67995e-7,-28.97822848
1806,2.92706861e-6,6.46142116e-6,1.868814e+8,27.37478,0.00200471208,,-139.4661288
1807,1.15526322e-6,1.52062421e-6,3.533888e+7,25.03619,0.0013685827,1.08575e-7,-11.95204081
1808,2.56564474e-6,3.07657008e-7,9364937,30.19564,0.00185809249,2.58601e-7,-56.3849826
1809,8.27613603e-6,4.3376891e-6,2.103726e+8,27.50474,0.000519906764,,-103.4694218
1810,9.12119716e-6,2.75762839e-6,2.896061e+7,31.97882,0.000474294729,1.32166e-7,-33.1439418
1811,8.56406116e-6,4.12437942e-6,2.706672e+7,30.14575,0.000236927682,,-113.2548788
1812,6.42872095e-6,9.24747392e-6,4.702586e+7,31.09458,0.000482532001,1.20196e-7,-21.86350837
1813,6.01211795e-7,4.14936609e-6,9.673679e+7,29.62814,0.00127474867,1.03279e-7,-3.871692766
1814,2.65319329e-6,3.4691199e-6,2.939162e+7,32.44534,0.000924820666,1.77287e-7,-13.02605254
1815,4.44165191e-6,4.39216566e-6,3.041187e+7,29.38253,0.000433118015,,-108.0708661
1816,9.85303121e-6,8.4171771e-6,9.259884e+7,30.1126,0.000513701359,1.08442e-7,-28.11118258
1817,1.61077132e-6,7.00052748e-6,4.146632e+7,30.88314,0.000509983227,,-103.3320993
1818,4.74570886e-6,5.82661317e-6,2.600544e+7,30.77601,0.000450783616,,-106.6568077
1819,6.98576216e-7,2.14405462e-6,1.679048e+7,33.23735,0.00101531108,,-102.2218565
1820,4.94285885e-6,9.30804763e-7,1.161488e+7,30.59782,0.00110972278,2.75091e-7,-15.71500583
1821,1.38438183e-6,2.61883054e-6,1.678154e+7,30.61718,0.00238091544,1.94049e-7,-64.65560495
1822,9.78382667e-6,4.52212986e-6,1.306555e+7,32.22761,0.00025614213,,-123.9689296
1823,7.07044474e-7,3.18504542e-6,3.004461e+7,30.81546,0.0022455465,1.99389e-7,-49.91445615
1824,1.48510592e-6,7.04554889e-7,2.218054e+7,32.52384,0.00127408761,1.48513e-7,-23.39028687
1825,6.44434318e-6,6.78198741e-6,2.17708e+7,33.14794,0.000432775354,1.55298e-7,-22.91889965
1826,6.99258767e-6,3.62191081e-6,1.824225e+7,30.92387,0.000336765178,,-106.6568077
1827,8.93930145e-6,8.62593462e-7,1.258382e+7,30.65699,0.000790416747,2.42019e-7,-20.61269387
1828,6.71404714e-7,8.47294439e-6,1.260018e+8,26.39721,0.00102385648,1.75518e-7,-2.577084603
1829,1.27495695e-6,2.94155174e-6,2.321379e+7,32.4328,0.00124349324,1.41161e-7,-15.37922112
1830,3.57807303e-6,7.74643874e-7,2.323964e+7,30.72902,0.000886505878,1.4807e-7,-21.86350837
1831,9.25021573e-6,6.1521838e-6,1.102896e+8,29.30412,0.000544962835,1.08722e-7,-27.43265045
1832,4.20172453e-6,7.71600148e-6,1.457645e+8,29.26596,0.00049058726,8.5495e-8,-15.79830786
1833,3.30488787e-6,1.11155078e-6,1.540554e+7,32.40235,0.000912364419,2.19646e-7,-12.94821561
1834,2.73831778e-6,1.68685365e-6,1.306523e+7,33.05571,0.000884280847,1.86557e-7,-28.41248382
1835,1.63883099e-6,8.93001918e-6,1.279188e+7,33.35329,0.00141000003,2.18344e-7,-27.6733192
1836,4.05510203e-6,4.57661135e-6,2.376057e+7,33.13385,0.000458555599,1.91851e-7,-18.10645667
1837,4.62041528e-6,8.22755501e-6,3.336092e+7,31.66833,0.000349104886,1.21065e-7,-8.865551578
1838,3.08324926e-6,5.24304905e-6,2.813197e+8,25.66018,0.000625884104,9.416e-8,-2.169569496
1839,6.36105784e-6,1.90527656e-6,2.949464e+7,29.48489,0.00103231872,2.1237e-7,-3.986521521
1840,9.33507695e-7,9.86473086e-6,1.827332e+8,29.12063,0.000751590481,,-100.4396822
1841,5.16950356e-6,3.31806588e-6,1.677891e+7,32.61641,0.000289497326,,-116.5140413
1842,2.99270698e-6,6.19963483e-6,2.485267e+7,31.72031,0.000609484439,,-113.2548788
1843,5.60831205e-6,8.47812223e-6,3.868544e+7,29.33229,0.000328511169,,-110.3006532
1844,7.18195471e-6,7.97972012e-7,4167951,30.73607,0.00141145274,4.90145e-7,-47.64587909
1845,8.82028776e-6,2.92737359e-6,1.869079e+7,31.80027,0.000264984046,,-117.592827
1846,4.27729103e-6,9.13989981e-6,2.837974e+7,32.66444,0.000434990274,1.2643e-7,-21.86350837
1847,1.9270637e-6,6.91136136e-7,3768323,32.12823,0.00177650049,4.93937e-7,-63.21708632
1848,5.531004e-6,3.43818985e-6,3.807725e+7,29.02445,0.00047781381,1.1474e-7,-19.1551748
1849,4.17786648e-7,1.70083903e-6,5.769519e+7,30.39453,0.00174846931,2.27616e-7,-30.08916297
1850,8.43240988e-6,2.72562881e-6,1.394687e+7,30.71113,0.000270011034,,-100
1851,5.82856646e-6,8.02225875e-6,4.552262e+7,30.15814,0.000656832278,,-104.4415204
1852,2.86113632e-6,4.77964416e-6,2.75289e+7,30.43603,0.00121861592,1.37736e-7,-18.47360047
1853,3.59929427e-6,8.11541103e-6,2.623097e+7,32.9192,0.00064347638,1.40793e-7,-18.66740367
1854,9.36977292e-6,7.96585774e-6,4.818458e+7,25.97912,0.000318264898,,-109.7723012
1855,8.206896e-6,8.27034243e-6,5.175507e+7,30.88997,0.000506130793,1.23317e-7,-16.51404129
1856,9.65529262e-6,1.4726717e-6,1.18511e+7,32.97415,0.000434151567,1.86429e-7,-34.46531488
1857,6.2550544e-6,4.32831011e-6,4.895635e+7,31.25243,0.000663190388,,-111.0656111
1858,3.63651532e-6,9.98119107e-6,8.561201e+7,28.09661,0.000787159315,,-100.9516663
1859,2.83735778e-6,4.61275474e-6,3.175404e+7,29.79668,0.00137175419,1.39105e-7,-20.78040913
1860,4.23845961e-6,3.66678955e-7,9293055,30.24786,0.00127448959,2.54605e-7,-29.20252877
1861,1.66545902e-6,7.67018238e-6,1.076631e+8,30.96866,0.000783422111,1.69052e-7,-0.4525969096
1862,3.68341251e-6,7.24458277e-6,1.033644e+8,27.97237,0.000534671263,,-102.1248457
1863,7.55915597e-6,3.23067524e-6,2.370428e+7,30.96158,0.000713368776,1.50112e-7,-28.11118258
1864,2.37298243e-6,8.30566516e-6,7.213937e+7,29.60501,0.00113771849,,-100.1974947
1865,4.72119248e-6,6.0726233e-6,6.722925e+7,29.14358,0.000622508039,1.16758e-7,-19.09561105
1866,4.85049864e-6,2.73202498e-6,7.472013e+7,28.72843,0.000806142169,1.1485e-7,-16.06706594
1867,6.19339544e-7,3.92356705e-6,9.376248e+7,24.33171,0.00208885866,1.00811e-7,-44.52300179
1868,9.48243537e-6,5.1496999e-6,2.278087e+7,29.30753,0.000894223347,1.61049e-7,-22.26219198
1869,8.77333987e-7,3.19716293e-6,2.550934e+7,24.26011,0.00389552808,1.88932e-7,-91.65625349
1870,7.00635463e-6,6.7604214e-6,1.178574e+8,27.65507,0.0016326079,,-122.4239222
1871,2.19777125e-6,9.36748336e-6,2.2995e+8,25.95289,0.00144502281,,-114.1642324
1872,4.39554759e-6,8.79239347e-6,1.586257e+8,28.15205,0.00087056301,1.0323e-7,-9.789500285
1873,7.96391557e-6,5.96563291e-6,5.933899e+7,28.93359,0.000396283477,1.05369e-7,-17.04724124
1874,3.89262145e-6,8.57260027e-6,4.826804e+7,24.62331,0.000648874729,1.13244e-7,-18.11898706
1875,1.84854683e-6,5.36007561e-6,2.544359e+8,27.36992,0.000725023729,7.6881e-8,-1.314964201
1876,8.99531454e-6,8.15644816e-6,2.936334e+7,32.04294,0.000363351419,1.43106e-7,-23.96892961
1877,3.5099926e-6,1.35402877e-6,8.488954e+7,28.6391,0.000850712489,1.85975e-7,-1.979116481
1878,9.65769082e-6,3.88782991e-6,2.357866e+7,31.47221,0.000477782094,1.48417e-7,-34.12932565
1879,9.64718577e-6,3.87128988e-7,4879777,31.34489,0.000837076515,3.97452e-7,-33.68063627
1880,9.83199899e-6,9.99834014e-6,2.689141e+8,27.9551,0.00103061249,,-102.1334798
1881,6.00240753e-6,7.02632037e-6,8.924382e+7,30.49194,0.000627819767,1.06321e-7,-19.73753202
1882,7.93447889e-6,2.98675324e-6,2.857275e+7,31.04577,0.000378989586,1.45034e-7,-25.01338174
1883,9.76375314e-6,9.27241647e-6,6.128153e+7,29.83414,0.00024265275,,-112.244654
1884,2.30975805e-6,6.40892925e-6,1.701166e+7,32.72586,0.00103505719,1.60792e-7,-27.12431185
1885,3.22902007e-6,3.79147003e-6,3.277025e+7,32.10825,0.00060720928,1.13269e-7,-16.51404129
1886,7.10208822e-6,4.46108333e-6,3.72218e+7,30.20013,0.000594186128,,-102.2218565
1887,4.70872351e-6,6.09751145e-6,7.443516e+7,30.62792,0.000586661144,,-100
1888,6.1221319e-6,1.32841149e-6,3.319439e+7,29.0528,0.000488706589,1.24931e-7,-20.21112848
1889,1.07932509e-6,5.67427278e-6,6.489071e+7,29.21299,0.0020727086,,-141.4137227
1890,7.09743629e-6,6.77294023e-6,3.586737e+7,30.26961,0.000686533446,1.34962e-7,-28.11118258
1891,3.55631119e-6,6.88799695e-6,4.062401e+7,29.35014,0.000719201435,,-101.4359942
1892,8.67189861e-6,9.04106581e-7,1.441857e+7,31.86699,0.000417237899,1.6895e-7,-29.57875826
1893,4.77894906e-6,2.28630322e-6,2.605633e+7,31.34569,0.000845647506,1.46827e-7,-28.11118258
1894,4.16588246e-6,4.71650191e-6,5.580982e+7,24.10016,0.00148085525,1.96625e-7,-18.68225719
1895,7.3133214e-7,3.90215879e-6,5.396437e+7,31.49244,0.00137818868,1.81424e-7,-9.907486578
1896,6.67793542e-6,3.06173202e-6,1.157954e+8,27.3083,0.000742957317,1.40619e-7,-1.345768747
1897,8.43318853e-7,9.47994734e-6,1.898812e+7,31.35346,0.00112304585,1.41066e-7,-2.221856497
1898,7.99195484e-6,5.58755683e-6,4.344798e+7,31.22163,0.000538952114,1.13179e-7,-31.15148823
1899,3.25305675e-6,8.34411982e-6,1.235875e+8,27.30521,0.000489839882,,-101.3473135
1900,6.29751359e-6,6.95858075e-7,1.548715e+7,32.40236,0.000470181346,1.67215e-7,-33.50469023
1901,8.94790631e-6,9.03823098e-6,2.422652e+8,27.91215,0.00163992841,,-122.6446195
1902,4.30773489e-6,1.30575989e-6,6918450,32.12522,0.000927503128,3.13132e-7,-27.37920513
1903,8.36990627e-6,2.26923565e-6,1.788439e+7,32.86822,0.000439890712,1.51751e-7,-36.077604
1904,4.14951447e-7,5.09385874e-6,1.962591e+7,32.84285,0.00114108729,,-100
1905,3.88159061e-7,5.58336109e-6,2.047484e+7,33.17233,0.00145080931,2.37153e-7,-16.28165077
1906,1.29687168e-6,5.14782456e-6,2.913779e+7,30.82093,0.00212073528,1.7887e-7,-43.94110503
1907,6.60583492e-6,5.37602443e-6,5.451283e+7,30.23162,0.000516860345,9.3883e-8,-21.86350837
1908,6.69613616e-6,8.14388935e-6,6.169003e+7,29.78332,0.000291185625,,-110.0751394
1909,8.12986279e-6,2.19853487e-6,3.522659e+7,29.60289,0.000780553799,1.42474e-7,-17.79138178
1910,2.97451855e-6,2.66773133e-6,2.476277e+7,30.54199,0.00130019216,1.43911e-7,-26.8190541
1911,1.79502432e-6,1.39917732e-6,4.598314e+7,28.6079,0.00163100346,1.6348e-7,-22.04493735
1912,3.4303866e-6,5.50642106e-6,6.038635e+7,28.56063,0.000407912203,,-105.1611929
1913,6.89795078e-6,3.00084513e-6,2.350374e+7,29.4709,0.00046987313,,-106.921357
1914,4.39118361e-6,6.56419713e-6,4.74487e+7,31.29179,0.000498505943,1.21339e-7,-14.34481856
1915,9.69379834e-6,8.80457065e-6,1.249945e+7,31.92012,0.00028962675,,-107.7621321
1916,7.69503005e-6,6.73236602e-6,3.228396e+7,28.83715,0.000404447939,1.35869e-7,-23.5003181
1917,7.33986613e-6,6.08422837e-6,1.239401e+8,28.23353,0.000542160064,9.35e-8,-19.5506157
1918,3.67045528e-6,4.72305875e-6,6.38722e+7,30.25976,0.0010593848,1.15594e-7,-6.65680765
1919,6.54299816e-6,1.53641565e-6,2.566658e+7,28.87009,0.00113491562,1.56656e-7,-20.30248101
1920,2.47909538e-6,9.05703689e-6,3.702036e+7,32.29635,0.000458428871,,-105.549847
1921,2.20158416e-6,9.55144045e-6,4.874036e+7,30.65167,0.000594377911,9.3779e-8,-5.549847011
1922,1.499687e-6,7.46321397e-6,3.880636e+7,32.67622,0.000868084619,2.22563e-7,-3.127130067
1923,2.90795791e-6,6.44041679e-6,3.872505e+7,30.52603,0.00121347692,1.74531e-7,-3.572231651
1924,8.38266497e-6,4.27181639e-6,7.74395e+8,24.75671,0.0018010299,,-131.7536741
1925,3.79114726e-6,1.76958141e-6,7648781,32.447,0.000903011733,2.79507e-7,-28.88714817
1926,7.07907502e-6,4.28593027e-6,2.670694e+7,29.70821,0.000888762337,1.37934e-7,-23.06479455
1927,3.11762217e-6,9.39029204e-6,4.189038e+7,27.93831,0.000445441942,,-107.6876161
1928,4.0420385e-6,4.51560745e-6,4.46735e+7,32.14602,0.000444583675,1.04454e-7,-12.16172407
1929,9.93440515e-7,9.29642805e-6,4.17964e+7,32.46343,0.00107887394,2.31372e-7,-3.567085912
1930,6.92965711e-6,7.63188515e-6,1.566676e+7,32.22562,0.000618780248,1.69049e-7,-31.60393515
1931,1.1797501e-6,8.05656959e-6,5.652349e+7,30.94464,0.00180410555,1.08702e-7,-37.03542932
1932,6.42204668e-6,7.27858952e-6,4.55493e+7,28.69135,0.000941268409,1.46034e-7,-7.311123312
1933,1.03864154e-6,4.08276714e-6,1.846085e+7,32.4975,0.00135743984,1.50031e-7,-18.87168923
1934,2.97024423e-6,1.80166096e-6,3.420108e+7,29.66222,0.00141548623,2.00587e-7,-12.88134735
1935,6.21102573e-6,9.57215165e-6,5.325061e+7,30.73282,0.000333014737,,-112.1617241
1936,8.23958398e-6,5.0635983e-6,4.795794e+7,31.0222,0.00062908808,1.26434e-7,-22.91889965
1937,5.02854371e-6,9.52593839e-6,2.385749e+7,33.17982,0.000495588783,1.77318e-7,-21.66885549
1938,4.5935299e-6,3.37472863e-6,4.685394e+7,28.11677,0.00142459832,1.34429e-7,-26.41997382
1939,4.29492478e-6,4.80366739e-6,1.768287e+7,33.23516,0.000730543213,1.76519e-7,-18.41875826
1940,1.05887938e-6,4.83145525e-6,5.895235e+7,30.31615,0.00106162013,9.9596e-8,-1.111065389
1941,9.42338736e-6,8.96193588e-6,9.436651e+7,29.51844,0.000949184599,,-103.5728788
1942,2.17256169e-6,4.73240764e-6,4.306973e+7,29.47644,0.00049564469,,-105.8116264
1943,5.60094059e-6,2.90057431e-6,4.34855e+7,25.69499,0.00120920645,1.41835e-7,-11.42804453
1944,1.15892811e-6,8.27875529e-6,7.418617e+7,27.77115,0.00120431763,,-101.2802604
1945,5.89048428e-6,9.0479337e-6,1.091107e+8,28.5656,0.000500910567,,-106.2670347
1946,4.66498606e-7,4.55243655e-6,1.915545e+7,33.48721,0.0013177234,2.8661e-7,-12.1516096
1947,4.68224436e-6,9.33838924e-7,4.436235e+7,30.09739,0.000910378389,1.39019e-7,-6.65680765
1948,1.74565776e-6,3.77956968e-6,2.362197e+7,33.33711,0.000861622989,2.32972e-7,-8.088502194
1949,9.58207955e-6,1.95475635e-6,2.847466e+7,30.9656,0.000354982461,,-108.8655516
1950,9.10477841e-6,9.65553265e-6,3.586362e+7,31.37083,0.00025569248,1.33628e-7,-21.86350837
1951,2.70296814e-6,7.78605722e-6,2.913337e+7,32.48731,0.000776784254,1.38538e-7,-17.59282705
1952,3.37979962e-7,2.31916646e-6,1.657813e+7,33.38234,0.00150407625,2.10867e-7,-17.58167376
1953,9.20156373e-6,5.65450586e-6,7.239614e+7,30.74094,0.000314514526,1.33181e-7,-18.66740367
1954,1.6852361e-6,5.20187429e-6,1.435346e+8,25.29372,0.00110362593,9.9816e-8,-3.463771153
1955,4.80724761e-6,4.1311009e-6,6.140383e+7,28.58489,0.000661600062,1.31517e-7,-2.929399689
1956,2.11135619e-6,6.42816155e-6,2.220978e+7,31.20086,0.000398677391,,-108.8655516
1957,9.61189232e-6,9.14642766e-7,1.713893e+7,31.3626,0.000598990784,1.6573e-7,-29.41776046
1958,7.35820014e-7,9.17863249e-7,1.226665e+7,33.22553,0.0017924276,1.7592e-7,-41.69623468
1959,7.57249157e-6,6.20118925e-7,9674746,25.21658,0.00164648623,3.14153e-7,-34.21863573
1960,9.82285545e-6,5.66886924e-7,1.495817e+7,28.08716,0.00137733656,2.28204e-7,-28.5906116
1961,5.43317929e-6,4.84216517e-6,3.694099e+7,29.45315,0.000393030472,,-109.1389759
1962,1.85121686e-6,4.24428076e-6,1.732808e+7,33.68118,0.0008654171,2.01952e-7,-10.96284399
1963,9.50486961e-6,4.03086231e-6,9.600192e+7,28.51464,0.000389244291,,-109.6082179
1964,6.92358561e-6,3.58843788e-7,1.138526e+7,25.05864,0.00167747115,2.92399e-7,-33.57438773
1965,9.57352977e-7,9.41498545e-6,7.736825e+7,30.45632,0.00102523637,1.22748e-7,0
1966,1.66230437e-6,8.0716095e-6,2.588838e+7,33.28113,0.000738786324,1.98586e-7,-7.478907672
1967,6.52689643e-7,6.05141094e-6,1.2688e+8,29.59092,0.000999203743,1.91747e-7,-1.791756408
1968,2.47254873e-6,9.31637194e-6,1.748044e+7,32.01479,0.00132905169,1.99733e-7,-18.3470384
1969,4.09105308e-6,1.58571907e-6,1.970746e+7,26.92204,0.00223404132,3.01763e-7,-56.1161803
1970,9.29312009e-6,8.31029553e-6,1.678215e+7,32.27867,0.000412506227,1.62467e-7,-35.23061454
1971,4.36100655e-6,8.55584017e-6,1.046552e+8,27.85663,0.000792276662,,-101.071644
1972,4.26841938e-6,8.53675069e-6,2.59171e+7,32.13056,0.000738256611,1.42875e-7,-32.15127375
1973,2.28680307e-6,5.21300661e-6,2.641669e+7,33.07377,0.000748571952,1.75929e-7,-10.76323262
1974,3.79604645e-6,2.09197903e-6,8.247406e+7,27.86021,0.000847216608,,-101.0698542
1975,2.5309534e-6,2.89214603e-6,3.170962e+7,31.38278,0.000464437313,,-119.737532
1976,7.53365237e-6,6.37184378e-6,1.306835e+7,32.16242,0.000290298895,,-121.8635084
1977,6.4987078e-6,3.37089448e-6,2.785437e+7,32.50795,0.000309045181,1.26869e-7,-23.96892961
1978,9.26205703e-6,2.69860629e-6,1.143438e+7,31.40023,0.000662475113,2.30093e-7,-25.3667242
1979,9.84031136e-6,9.40470739e-6,7.038973e+7,30.02905,0.000522875664,,-107.7621321
1980,7.90864887e-6,7.43260311e-6,3.062471e+7,29.19962,0.000234071617,,-111.4657989
1981,9.47694413e-6,9.07142951e-6,1.063756e+7,32.04667,0.000249967467,,-107.7621321
1982,3.45450638e-7,7.87214784e-6,1.288689e+7,33.95432,0.00150316595,3.77151e-7,-25.80946808
1983,7.34644632e-6,9.21110908e-6,5.408036e+7,28.99445,0.000540529387,,-104.9442911
1984,6.7866103e-6,1.96140368e-7,2.625433e+7,32.17983,0.000569425477,1.38511e-7,-20.80297713
1985,8.61614206e-6,3.89568295e-6,6.165287e+8,22.26513,0.00243495803,,-158.7676221
1986,6.5357758e-6,5.79678385e-6,8019789,32.28966,0.000679456637,2.52439e-7,-29.63204335
1987,4.42477948e-6,6.84542822e-6,1.039516e+8,28.17649,0.000904318275,1.26427e-7,-2.022795125
1988,2.89196394e-7,4.95744896e-7,3.051754e+7,29.70805,0.00310246602,1.67225e-7,-74.51869537
1989,3.50189183e-6,3.816553e-6,5.677146e+7,28.58845,0.000825826274,,-100.7057633
1990,2.24428987e-6,5.70214837e-6,3.832169e+7,32.81533,0.00067295611,2.48948e-7,-8.885990464
1991,4.79684375e-6,2.06290209e-6,1.930111e+8,26.94519,0.000681925454,8.0655e-8,-10.39283781
1992,6.028129e-6,8.2846745e-7,1.81082e+7,30.58365,0.000886980347,1.71661e-7,-26.63508798
1993,4.38185661e-6,9.08341272e-6,1.1898e+7,29.34918,0.000448874004,,-103.6575082
1994,8.91034893e-6,4.56484248e-6,2.452534e+7,30.76478,0.000608378476,1.40268e-7,-28.11118258
1995,3.24397302e-6,9.16226779e-6,2.725288e+8,28.63353,0.000505245067,7.8498e-8,-6.23307138
1996,7.36786929e-6,5.6858605e-6,2.441571e+7,30.21957,0.000311300593,,-111.0656111
1997,3.52599165e-6,5.39345659e-6,4.85502e+7,27.77705,0.000693986425,1.13048e-7,-15.45624779
1998,6.75923967e-6,3.85326729e-6,3.164092e+7,29.63118,0.000929976564,1.66511e-7,-10.4767581
1999,5.38144072e-7,6.76527834e-7,5716487,33.69205,0.00299395475,2.94464e-7,-95.76374644
